Campaign,Ad Group,Keyword,Match Type,Max CPC,Final URL,Intent Tier
WGH Shop - Search - Appliances,Blenders,blender price in ghana,Exact,0.32,https://shop.websitesgh.com/product-category/kitchen-home/,T1 transactional
WGH Shop - Search - Appliances,Blenders,buy blender in ghana,Exact,0.32,https://shop.websitesgh.com/product-category/kitchen-home/,T1 transactional
WGH Shop - Search - Appliances,Blenders,where to buy blender in accra,Phrase,0.30,https://shop.websitesgh.com/product-category/kitchen-home/,T1 transactional
WGH Shop - Search - Appliances,Blenders,how much is blender in ghana,Phrase,0.30,https://shop.websitesgh.com/product-category/kitchen-home/,T1 transactional
WGH Shop - Search - Appliances,Blenders,blender ghana,Phrase,0.26,https://shop.websitesgh.com/product-category/kitchen-home/,T2 geo-commercial
WGH Shop - Search - Appliances,Blenders,blender accra,Phrase,0.26,https://shop.websitesgh.com/product-category/kitchen-home/,T2 geo-commercial
WGH Shop - Search - Appliances,Blenders,blender in ghana,Phrase,0.26,https://shop.websitesgh.com/product-category/kitchen-home/,T2 geo-commercial
WGH Shop - Search - Appliances,Blenders,blender in accra,Phrase,0.26,https://shop.websitesgh.com/product-category/kitchen-home/,T2 geo-commercial
WGH Shop - Search - Appliances,Blenders,blender price ghana,Phrase,0.26,https://shop.websitesgh.com/product-category/kitchen-home/,T2 geo-commercial
WGH Shop - Search - Appliances,Blenders,blender for sale ghana,Phrase,0.26,https://shop.websitesgh.com/product-category/kitchen-home/,T2 geo-commercial
WGH Shop - Search - Appliances,Blenders,blender online ghana,Phrase,0.26,https://shop.websitesgh.com/product-category/kitchen-home/,T2 geo-commercial
WGH Shop - Search - Appliances,Blenders,blender price list ghana,Phrase,0.26,https://shop.websitesgh.com/product-category/kitchen-home/,T2 geo-commercial
WGH Shop - Search - Appliances,Blenders,blender grind pepper ghana,Phrase,0.24,https://shop.websitesgh.com/product-category/kitchen-home/,T3 problem-solution
WGH Shop - Search - Appliances,Blenders,best blender grind pepper,Phrase,0.22,https://shop.websitesgh.com/product-category/kitchen-home/,T3 problem-solution
WGH Shop - Search - Appliances,Blenders,blender grinding ghana,Phrase,0.24,https://shop.websitesgh.com/product-category/kitchen-home/,T3 problem-solution
WGH Shop - Search - Appliances,Blenders,best blender grinding,Phrase,0.22,https://shop.websitesgh.com/product-category/kitchen-home/,T3 problem-solution
WGH Shop - Search - Appliances,Blenders,blender with grinder ghana,Phrase,0.24,https://shop.websitesgh.com/product-category/kitchen-home/,T3 problem-solution
WGH Shop - Search - Appliances,Blenders,best blender with grinder,Phrase,0.22,https://shop.websitesgh.com/product-category/kitchen-home/,T3 problem-solution
WGH Shop - Search - Appliances,Blenders,blender for shito ghana,Phrase,0.24,https://shop.websitesgh.com/product-category/kitchen-home/,T3 problem-solution
WGH Shop - Search - Appliances,Blenders,best blender for shito,Phrase,0.22,https://shop.websitesgh.com/product-category/kitchen-home/,T3 problem-solution
WGH Shop - Search - Appliances,Blenders,blender heavy duty ghana,Phrase,0.24,https://shop.websitesgh.com/product-category/kitchen-home/,T3 problem-solution
WGH Shop - Search - Appliances,Blenders,best blender heavy duty,Phrase,0.22,https://shop.websitesgh.com/product-category/kitchen-home/,T3 problem-solution
WGH Shop - Search - Appliances,Blenders,commercial blender ghana,Phrase,0.26,https://shop.websitesgh.com/product-category/kitchen-home/,T2 geo-commercial
WGH Shop - Search - Appliances,Blenders,commercial blender accra,Phrase,0.26,https://shop.websitesgh.com/product-category/kitchen-home/,T2 geo-commercial
WGH Shop - Search - Appliances,Blenders,commercial blender in ghana,Phrase,0.26,https://shop.websitesgh.com/product-category/kitchen-home/,T2 geo-commercial
WGH Shop - Search - Appliances,Blenders,commercial blender in accra,Phrase,0.26,https://shop.websitesgh.com/product-category/kitchen-home/,T2 geo-commercial
WGH Shop - Search - Appliances,Blenders,commercial blender price ghana,Phrase,0.26,https://shop.websitesgh.com/product-category/kitchen-home/,T2 geo-commercial
WGH Shop - Search - Appliances,Blenders,commercial blender for sale ghana,Phrase,0.26,https://shop.websitesgh.com/product-category/kitchen-home/,T2 geo-commercial
WGH Shop - Search - Appliances,Blenders,commercial blender online ghana,Phrase,0.26,https://shop.websitesgh.com/product-category/kitchen-home/,T2 geo-commercial
WGH Shop - Search - Appliances,Blenders,commercial blender price list ghana,Phrase,0.26,https://shop.websitesgh.com/product-category/kitchen-home/,T2 geo-commercial
WGH Shop - Search - Appliances,Blenders,commercial blender grind pepper ghana,Phrase,0.24,https://shop.websitesgh.com/product-category/kitchen-home/,T3 problem-solution
WGH Shop - Search - Appliances,Blenders,best commercial blender grind pepper,Phrase,0.22,https://shop.websitesgh.com/product-category/kitchen-home/,T3 problem-solution
WGH Shop - Search - Appliances,Blenders,commercial blender grinding ghana,Phrase,0.24,https://shop.websitesgh.com/product-category/kitchen-home/,T3 problem-solution
WGH Shop - Search - Appliances,Blenders,best commercial blender grinding,Phrase,0.22,https://shop.websitesgh.com/product-category/kitchen-home/,T3 problem-solution
WGH Shop - Search - Appliances,Blenders,commercial blender with grinder ghana,Phrase,0.24,https://shop.websitesgh.com/product-category/kitchen-home/,T3 problem-solution
WGH Shop - Search - Appliances,Blenders,best commercial blender with grinder,Phrase,0.22,https://shop.websitesgh.com/product-category/kitchen-home/,T3 problem-solution
WGH Shop - Search - Appliances,Blenders,commercial blender for shito ghana,Phrase,0.24,https://shop.websitesgh.com/product-category/kitchen-home/,T3 problem-solution
WGH Shop - Search - Appliances,Blenders,best commercial blender for shito,Phrase,0.22,https://shop.websitesgh.com/product-category/kitchen-home/,T3 problem-solution
WGH Shop - Search - Appliances,Blenders,commercial blender heavy duty ghana,Phrase,0.24,https://shop.websitesgh.com/product-category/kitchen-home/,T3 problem-solution
WGH Shop - Search - Appliances,Blenders,best commercial blender heavy duty,Phrase,0.22,https://shop.websitesgh.com/product-category/kitchen-home/,T3 problem-solution
WGH Shop - Search - Appliances,Blenders,2l blender ghana,Phrase,0.26,https://shop.websitesgh.com/product-category/kitchen-home/,T2 geo-commercial
WGH Shop - Search - Appliances,Blenders,2l blender accra,Phrase,0.26,https://shop.websitesgh.com/product-category/kitchen-home/,T2 geo-commercial
WGH Shop - Search - Appliances,Blenders,2l blender in ghana,Phrase,0.26,https://shop.websitesgh.com/product-category/kitchen-home/,T2 geo-commercial
WGH Shop - Search - Appliances,Blenders,2l blender in accra,Phrase,0.26,https://shop.websitesgh.com/product-category/kitchen-home/,T2 geo-commercial
WGH Shop - Search - Appliances,Blenders,2l blender price ghana,Phrase,0.26,https://shop.websitesgh.com/product-category/kitchen-home/,T2 geo-commercial
WGH Shop - Search - Appliances,Blenders,2l blender for sale ghana,Phrase,0.26,https://shop.websitesgh.com/product-category/kitchen-home/,T2 geo-commercial
WGH Shop - Search - Appliances,Blenders,2l blender online ghana,Phrase,0.26,https://shop.websitesgh.com/product-category/kitchen-home/,T2 geo-commercial
WGH Shop - Search - Appliances,Blenders,2l blender price list ghana,Phrase,0.26,https://shop.websitesgh.com/product-category/kitchen-home/,T2 geo-commercial
WGH Shop - Search - Appliances,Blenders,2l blender grind pepper ghana,Phrase,0.24,https://shop.websitesgh.com/product-category/kitchen-home/,T3 problem-solution
WGH Shop - Search - Appliances,Blenders,best 2l blender grind pepper,Phrase,0.22,https://shop.websitesgh.com/product-category/kitchen-home/,T3 problem-solution
WGH Shop - Search - Appliances,Blenders,2l blender grinding ghana,Phrase,0.24,https://shop.websitesgh.com/product-category/kitchen-home/,T3 problem-solution
WGH Shop - Search - Appliances,Blenders,best 2l blender grinding,Phrase,0.22,https://shop.websitesgh.com/product-category/kitchen-home/,T3 problem-solution
WGH Shop - Search - Appliances,Blenders,2l blender with grinder ghana,Phrase,0.24,https://shop.websitesgh.com/product-category/kitchen-home/,T3 problem-solution
WGH Shop - Search - Appliances,Blenders,best 2l blender with grinder,Phrase,0.22,https://shop.websitesgh.com/product-category/kitchen-home/,T3 problem-solution
WGH Shop - Search - Appliances,Blenders,2l blender for shito ghana,Phrase,0.24,https://shop.websitesgh.com/product-category/kitchen-home/,T3 problem-solution
WGH Shop - Search - Appliances,Blenders,best 2l blender for shito,Phrase,0.22,https://shop.websitesgh.com/product-category/kitchen-home/,T3 problem-solution
WGH Shop - Search - Appliances,Blenders,2l blender heavy duty ghana,Phrase,0.24,https://shop.websitesgh.com/product-category/kitchen-home/,T3 problem-solution
WGH Shop - Search - Appliances,Blenders,best 2l blender heavy duty,Phrase,0.22,https://shop.websitesgh.com/product-category/kitchen-home/,T3 problem-solution
WGH Shop - Search - Appliances,Electric Kettles,electric kettle price in ghana,Exact,0.32,https://shop.websitesgh.com/product-category/kitchen-home/,T1 transactional
WGH Shop - Search - Appliances,Electric Kettles,buy electric kettle in ghana,Exact,0.32,https://shop.websitesgh.com/product-category/kitchen-home/,T1 transactional
WGH Shop - Search - Appliances,Electric Kettles,where to buy electric kettle in accra,Phrase,0.30,https://shop.websitesgh.com/product-category/kitchen-home/,T1 transactional
WGH Shop - Search - Appliances,Electric Kettles,how much is electric kettle in ghana,Phrase,0.30,https://shop.websitesgh.com/product-category/kitchen-home/,T1 transactional
WGH Shop - Search - Appliances,Electric Kettles,electric kettle ghana,Phrase,0.26,https://shop.websitesgh.com/product-category/kitchen-home/,T2 geo-commercial
WGH Shop - Search - Appliances,Electric Kettles,electric kettle accra,Phrase,0.26,https://shop.websitesgh.com/product-category/kitchen-home/,T2 geo-commercial
WGH Shop - Search - Appliances,Electric Kettles,electric kettle in ghana,Phrase,0.26,https://shop.websitesgh.com/product-category/kitchen-home/,T2 geo-commercial
WGH Shop - Search - Appliances,Electric Kettles,electric kettle in accra,Phrase,0.26,https://shop.websitesgh.com/product-category/kitchen-home/,T2 geo-commercial
WGH Shop - Search - Appliances,Electric Kettles,electric kettle price ghana,Phrase,0.26,https://shop.websitesgh.com/product-category/kitchen-home/,T2 geo-commercial
WGH Shop - Search - Appliances,Electric Kettles,electric kettle for sale ghana,Phrase,0.26,https://shop.websitesgh.com/product-category/kitchen-home/,T2 geo-commercial
WGH Shop - Search - Appliances,Electric Kettles,electric kettle online ghana,Phrase,0.26,https://shop.websitesgh.com/product-category/kitchen-home/,T2 geo-commercial
WGH Shop - Search - Appliances,Electric Kettles,electric kettle price list ghana,Phrase,0.26,https://shop.websitesgh.com/product-category/kitchen-home/,T2 geo-commercial
WGH Shop - Search - Appliances,Electric Kettles,electric kettle fast boiling ghana,Phrase,0.24,https://shop.websitesgh.com/product-category/kitchen-home/,T3 problem-solution
WGH Shop - Search - Appliances,Electric Kettles,best electric kettle fast boiling,Phrase,0.22,https://shop.websitesgh.com/product-category/kitchen-home/,T3 problem-solution
WGH Shop - Search - Appliances,Electric Kettles,electric kettle cordless ghana,Phrase,0.24,https://shop.websitesgh.com/product-category/kitchen-home/,T3 problem-solution
WGH Shop - Search - Appliances,Electric Kettles,best electric kettle cordless,Phrase,0.22,https://shop.websitesgh.com/product-category/kitchen-home/,T3 problem-solution
WGH Shop - Search - Appliances,Electric Kettles,electric kettle 2 litre ghana,Phrase,0.24,https://shop.websitesgh.com/product-category/kitchen-home/,T3 problem-solution
WGH Shop - Search - Appliances,Electric Kettles,best electric kettle 2 litre,Phrase,0.22,https://shop.websitesgh.com/product-category/kitchen-home/,T3 problem-solution
WGH Shop - Search - Appliances,Electric Kettles,kettle ghana,Phrase,0.26,https://shop.websitesgh.com/product-category/kitchen-home/,T2 geo-commercial
WGH Shop - Search - Appliances,Electric Kettles,kettle accra,Phrase,0.26,https://shop.websitesgh.com/product-category/kitchen-home/,T2 geo-commercial
WGH Shop - Search - Appliances,Electric Kettles,kettle in ghana,Phrase,0.26,https://shop.websitesgh.com/product-category/kitchen-home/,T2 geo-commercial
WGH Shop - Search - Appliances,Electric Kettles,kettle in accra,Phrase,0.26,https://shop.websitesgh.com/product-category/kitchen-home/,T2 geo-commercial
WGH Shop - Search - Appliances,Electric Kettles,kettle price ghana,Phrase,0.26,https://shop.websitesgh.com/product-category/kitchen-home/,T2 geo-commercial
WGH Shop - Search - Appliances,Electric Kettles,kettle for sale ghana,Phrase,0.26,https://shop.websitesgh.com/product-category/kitchen-home/,T2 geo-commercial
WGH Shop - Search - Appliances,Electric Kettles,kettle online ghana,Phrase,0.26,https://shop.websitesgh.com/product-category/kitchen-home/,T2 geo-commercial
WGH Shop - Search - Appliances,Electric Kettles,kettle price list ghana,Phrase,0.26,https://shop.websitesgh.com/product-category/kitchen-home/,T2 geo-commercial
WGH Shop - Search - Appliances,Electric Kettles,kettle fast boiling ghana,Phrase,0.24,https://shop.websitesgh.com/product-category/kitchen-home/,T3 problem-solution
WGH Shop - Search - Appliances,Electric Kettles,best kettle fast boiling,Phrase,0.22,https://shop.websitesgh.com/product-category/kitchen-home/,T3 problem-solution
WGH Shop - Search - Appliances,Electric Kettles,kettle cordless ghana,Phrase,0.24,https://shop.websitesgh.com/product-category/kitchen-home/,T3 problem-solution
WGH Shop - Search - Appliances,Electric Kettles,best kettle cordless,Phrase,0.22,https://shop.websitesgh.com/product-category/kitchen-home/,T3 problem-solution
WGH Shop - Search - Appliances,Electric Kettles,kettle 2 litre ghana,Phrase,0.24,https://shop.websitesgh.com/product-category/kitchen-home/,T3 problem-solution
WGH Shop - Search - Appliances,Electric Kettles,best kettle 2 litre,Phrase,0.22,https://shop.websitesgh.com/product-category/kitchen-home/,T3 problem-solution
WGH Shop - Search - Appliances,Electric Kettles,stainless steel kettle ghana,Phrase,0.26,https://shop.websitesgh.com/product-category/kitchen-home/,T2 geo-commercial
WGH Shop - Search - Appliances,Electric Kettles,stainless steel kettle accra,Phrase,0.26,https://shop.websitesgh.com/product-category/kitchen-home/,T2 geo-commercial
WGH Shop - Search - Appliances,Electric Kettles,stainless steel kettle in ghana,Phrase,0.26,https://shop.websitesgh.com/product-category/kitchen-home/,T2 geo-commercial
WGH Shop - Search - Appliances,Electric Kettles,stainless steel kettle in accra,Phrase,0.26,https://shop.websitesgh.com/product-category/kitchen-home/,T2 geo-commercial
WGH Shop - Search - Appliances,Electric Kettles,stainless steel kettle price ghana,Phrase,0.26,https://shop.websitesgh.com/product-category/kitchen-home/,T2 geo-commercial
WGH Shop - Search - Appliances,Electric Kettles,stainless steel kettle for sale ghana,Phrase,0.26,https://shop.websitesgh.com/product-category/kitchen-home/,T2 geo-commercial
WGH Shop - Search - Appliances,Electric Kettles,stainless steel kettle online ghana,Phrase,0.26,https://shop.websitesgh.com/product-category/kitchen-home/,T2 geo-commercial
WGH Shop - Search - Appliances,Electric Kettles,stainless steel kettle price list ghana,Phrase,0.26,https://shop.websitesgh.com/product-category/kitchen-home/,T2 geo-commercial
WGH Shop - Search - Appliances,Electric Kettles,stainless steel kettle fast boiling ghana,Phrase,0.24,https://shop.websitesgh.com/product-category/kitchen-home/,T3 problem-solution
WGH Shop - Search - Appliances,Electric Kettles,best stainless steel kettle fast boiling,Phrase,0.22,https://shop.websitesgh.com/product-category/kitchen-home/,T3 problem-solution
WGH Shop - Search - Appliances,Electric Kettles,stainless steel kettle cordless ghana,Phrase,0.24,https://shop.websitesgh.com/product-category/kitchen-home/,T3 problem-solution
WGH Shop - Search - Appliances,Electric Kettles,best stainless steel kettle cordless,Phrase,0.22,https://shop.websitesgh.com/product-category/kitchen-home/,T3 problem-solution
WGH Shop - Search - Appliances,Electric Kettles,stainless steel kettle 2 litre ghana,Phrase,0.24,https://shop.websitesgh.com/product-category/kitchen-home/,T3 problem-solution
WGH Shop - Search - Appliances,Electric Kettles,best stainless steel kettle 2 litre,Phrase,0.22,https://shop.websitesgh.com/product-category/kitchen-home/,T3 problem-solution
WGH Shop - Search - Appliances,Microwaves,microwave price in ghana,Exact,0.32,https://shop.websitesgh.com/product-category/kitchen-home/,T1 transactional
WGH Shop - Search - Appliances,Microwaves,buy microwave in ghana,Exact,0.32,https://shop.websitesgh.com/product-category/kitchen-home/,T1 transactional
WGH Shop - Search - Appliances,Microwaves,where to buy microwave in accra,Phrase,0.30,https://shop.websitesgh.com/product-category/kitchen-home/,T1 transactional
WGH Shop - Search - Appliances,Microwaves,how much is microwave in ghana,Phrase,0.30,https://shop.websitesgh.com/product-category/kitchen-home/,T1 transactional
WGH Shop - Search - Appliances,Microwaves,microwave ghana,Phrase,0.26,https://shop.websitesgh.com/product-category/kitchen-home/,T2 geo-commercial
WGH Shop - Search - Appliances,Microwaves,microwave accra,Phrase,0.26,https://shop.websitesgh.com/product-category/kitchen-home/,T2 geo-commercial
WGH Shop - Search - Appliances,Microwaves,microwave in ghana,Phrase,0.26,https://shop.websitesgh.com/product-category/kitchen-home/,T2 geo-commercial
WGH Shop - Search - Appliances,Microwaves,microwave in accra,Phrase,0.26,https://shop.websitesgh.com/product-category/kitchen-home/,T2 geo-commercial
WGH Shop - Search - Appliances,Microwaves,microwave price ghana,Phrase,0.26,https://shop.websitesgh.com/product-category/kitchen-home/,T2 geo-commercial
WGH Shop - Search - Appliances,Microwaves,microwave for sale ghana,Phrase,0.26,https://shop.websitesgh.com/product-category/kitchen-home/,T2 geo-commercial
WGH Shop - Search - Appliances,Microwaves,microwave online ghana,Phrase,0.26,https://shop.websitesgh.com/product-category/kitchen-home/,T2 geo-commercial
WGH Shop - Search - Appliances,Microwaves,microwave price list ghana,Phrase,0.26,https://shop.websitesgh.com/product-category/kitchen-home/,T2 geo-commercial
WGH Shop - Search - Appliances,Microwaves,microwave 20 litre ghana,Phrase,0.24,https://shop.websitesgh.com/product-category/kitchen-home/,T3 problem-solution
WGH Shop - Search - Appliances,Microwaves,best microwave 20 litre,Phrase,0.22,https://shop.websitesgh.com/product-category/kitchen-home/,T3 problem-solution
WGH Shop - Search - Appliances,Microwaves,microwave solo ghana,Phrase,0.24,https://shop.websitesgh.com/product-category/kitchen-home/,T3 problem-solution
WGH Shop - Search - Appliances,Microwaves,best microwave solo,Phrase,0.22,https://shop.websitesgh.com/product-category/kitchen-home/,T3 problem-solution
WGH Shop - Search - Appliances,Microwaves,microwave with grill ghana,Phrase,0.24,https://shop.websitesgh.com/product-category/kitchen-home/,T3 problem-solution
WGH Shop - Search - Appliances,Microwaves,best microwave with grill,Phrase,0.22,https://shop.websitesgh.com/product-category/kitchen-home/,T3 problem-solution
WGH Shop - Search - Appliances,Microwaves,microwave oven ghana,Phrase,0.26,https://shop.websitesgh.com/product-category/kitchen-home/,T2 geo-commercial
WGH Shop - Search - Appliances,Microwaves,microwave oven accra,Phrase,0.26,https://shop.websitesgh.com/product-category/kitchen-home/,T2 geo-commercial
WGH Shop - Search - Appliances,Microwaves,microwave oven in ghana,Phrase,0.26,https://shop.websitesgh.com/product-category/kitchen-home/,T2 geo-commercial
WGH Shop - Search - Appliances,Microwaves,microwave oven in accra,Phrase,0.26,https://shop.websitesgh.com/product-category/kitchen-home/,T2 geo-commercial
WGH Shop - Search - Appliances,Microwaves,microwave oven price ghana,Phrase,0.26,https://shop.websitesgh.com/product-category/kitchen-home/,T2 geo-commercial
WGH Shop - Search - Appliances,Microwaves,microwave oven for sale ghana,Phrase,0.26,https://shop.websitesgh.com/product-category/kitchen-home/,T2 geo-commercial
WGH Shop - Search - Appliances,Microwaves,microwave oven online ghana,Phrase,0.26,https://shop.websitesgh.com/product-category/kitchen-home/,T2 geo-commercial
WGH Shop - Search - Appliances,Microwaves,microwave oven price list ghana,Phrase,0.26,https://shop.websitesgh.com/product-category/kitchen-home/,T2 geo-commercial
WGH Shop - Search - Appliances,Microwaves,microwave oven 20 litre ghana,Phrase,0.24,https://shop.websitesgh.com/product-category/kitchen-home/,T3 problem-solution
WGH Shop - Search - Appliances,Microwaves,best microwave oven 20 litre,Phrase,0.22,https://shop.websitesgh.com/product-category/kitchen-home/,T3 problem-solution
WGH Shop - Search - Appliances,Microwaves,microwave oven solo ghana,Phrase,0.24,https://shop.websitesgh.com/product-category/kitchen-home/,T3 problem-solution
WGH Shop - Search - Appliances,Microwaves,best microwave oven solo,Phrase,0.22,https://shop.websitesgh.com/product-category/kitchen-home/,T3 problem-solution
WGH Shop - Search - Appliances,Microwaves,microwave oven with grill ghana,Phrase,0.24,https://shop.websitesgh.com/product-category/kitchen-home/,T3 problem-solution
WGH Shop - Search - Appliances,Microwaves,best microwave oven with grill,Phrase,0.22,https://shop.websitesgh.com/product-category/kitchen-home/,T3 problem-solution
WGH Shop - Search - Appliances,Rice Cookers,rice cooker price in ghana,Exact,0.32,https://shop.websitesgh.com/product-category/kitchen-home/,T1 transactional
WGH Shop - Search - Appliances,Rice Cookers,buy rice cooker in ghana,Exact,0.32,https://shop.websitesgh.com/product-category/kitchen-home/,T1 transactional
WGH Shop - Search - Appliances,Rice Cookers,where to buy rice cooker in accra,Phrase,0.30,https://shop.websitesgh.com/product-category/kitchen-home/,T1 transactional
WGH Shop - Search - Appliances,Rice Cookers,how much is rice cooker in ghana,Phrase,0.30,https://shop.websitesgh.com/product-category/kitchen-home/,T1 transactional
WGH Shop - Search - Appliances,Rice Cookers,rice cooker ghana,Phrase,0.26,https://shop.websitesgh.com/product-category/kitchen-home/,T2 geo-commercial
WGH Shop - Search - Appliances,Rice Cookers,rice cooker accra,Phrase,0.26,https://shop.websitesgh.com/product-category/kitchen-home/,T2 geo-commercial
WGH Shop - Search - Appliances,Rice Cookers,rice cooker in ghana,Phrase,0.26,https://shop.websitesgh.com/product-category/kitchen-home/,T2 geo-commercial
WGH Shop - Search - Appliances,Rice Cookers,rice cooker in accra,Phrase,0.26,https://shop.websitesgh.com/product-category/kitchen-home/,T2 geo-commercial
WGH Shop - Search - Appliances,Rice Cookers,rice cooker price ghana,Phrase,0.26,https://shop.websitesgh.com/product-category/kitchen-home/,T2 geo-commercial
WGH Shop - Search - Appliances,Rice Cookers,rice cooker for sale ghana,Phrase,0.26,https://shop.websitesgh.com/product-category/kitchen-home/,T2 geo-commercial
WGH Shop - Search - Appliances,Rice Cookers,rice cooker online ghana,Phrase,0.26,https://shop.websitesgh.com/product-category/kitchen-home/,T2 geo-commercial
WGH Shop - Search - Appliances,Rice Cookers,rice cooker price list ghana,Phrase,0.26,https://shop.websitesgh.com/product-category/kitchen-home/,T2 geo-commercial
WGH Shop - Search - Appliances,Rice Cookers,rice cooker for jollof ghana,Phrase,0.24,https://shop.websitesgh.com/product-category/kitchen-home/,T3 problem-solution
WGH Shop - Search - Appliances,Rice Cookers,best rice cooker for jollof,Phrase,0.22,https://shop.websitesgh.com/product-category/kitchen-home/,T3 problem-solution
WGH Shop - Search - Appliances,Rice Cookers,rice cooker with steamer ghana,Phrase,0.24,https://shop.websitesgh.com/product-category/kitchen-home/,T3 problem-solution
WGH Shop - Search - Appliances,Rice Cookers,best rice cooker with steamer,Phrase,0.22,https://shop.websitesgh.com/product-category/kitchen-home/,T3 problem-solution
WGH Shop - Search - Appliances,Rice Cookers,rice cooker family size ghana,Phrase,0.24,https://shop.websitesgh.com/product-category/kitchen-home/,T3 problem-solution
WGH Shop - Search - Appliances,Rice Cookers,best rice cooker family size,Phrase,0.22,https://shop.websitesgh.com/product-category/kitchen-home/,T3 problem-solution
WGH Shop - Search - Appliances,Rice Cookers,electric rice cooker ghana,Phrase,0.26,https://shop.websitesgh.com/product-category/kitchen-home/,T2 geo-commercial
WGH Shop - Search - Appliances,Rice Cookers,electric rice cooker accra,Phrase,0.26,https://shop.websitesgh.com/product-category/kitchen-home/,T2 geo-commercial
WGH Shop - Search - Appliances,Rice Cookers,electric rice cooker in ghana,Phrase,0.26,https://shop.websitesgh.com/product-category/kitchen-home/,T2 geo-commercial
WGH Shop - Search - Appliances,Rice Cookers,electric rice cooker in accra,Phrase,0.26,https://shop.websitesgh.com/product-category/kitchen-home/,T2 geo-commercial
WGH Shop - Search - Appliances,Rice Cookers,electric rice cooker price ghana,Phrase,0.26,https://shop.websitesgh.com/product-category/kitchen-home/,T2 geo-commercial
WGH Shop - Search - Appliances,Rice Cookers,electric rice cooker for sale ghana,Phrase,0.26,https://shop.websitesgh.com/product-category/kitchen-home/,T2 geo-commercial
WGH Shop - Search - Appliances,Rice Cookers,electric rice cooker online ghana,Phrase,0.26,https://shop.websitesgh.com/product-category/kitchen-home/,T2 geo-commercial
WGH Shop - Search - Appliances,Rice Cookers,electric rice cooker price list ghana,Phrase,0.26,https://shop.websitesgh.com/product-category/kitchen-home/,T2 geo-commercial
WGH Shop - Search - Appliances,Rice Cookers,electric rice cooker for jollof ghana,Phrase,0.24,https://shop.websitesgh.com/product-category/kitchen-home/,T3 problem-solution
WGH Shop - Search - Appliances,Rice Cookers,best electric rice cooker for jollof,Phrase,0.22,https://shop.websitesgh.com/product-category/kitchen-home/,T3 problem-solution
WGH Shop - Search - Appliances,Rice Cookers,electric rice cooker with steamer ghana,Phrase,0.24,https://shop.websitesgh.com/product-category/kitchen-home/,T3 problem-solution
WGH Shop - Search - Appliances,Rice Cookers,best electric rice cooker with steamer,Phrase,0.22,https://shop.websitesgh.com/product-category/kitchen-home/,T3 problem-solution
WGH Shop - Search - Appliances,Rice Cookers,electric rice cooker family size ghana,Phrase,0.24,https://shop.websitesgh.com/product-category/kitchen-home/,T3 problem-solution
WGH Shop - Search - Appliances,Rice Cookers,best electric rice cooker family size,Phrase,0.22,https://shop.websitesgh.com/product-category/kitchen-home/,T3 problem-solution
WGH Shop - Search - Appliances,Hot Plates,hot plate price in ghana,Exact,0.32,https://shop.websitesgh.com/product-category/kitchen-home/,T1 transactional
WGH Shop - Search - Appliances,Hot Plates,buy hot plate in ghana,Exact,0.32,https://shop.websitesgh.com/product-category/kitchen-home/,T1 transactional
WGH Shop - Search - Appliances,Hot Plates,where to buy hot plate in accra,Phrase,0.30,https://shop.websitesgh.com/product-category/kitchen-home/,T1 transactional
WGH Shop - Search - Appliances,Hot Plates,how much is hot plate in ghana,Phrase,0.30,https://shop.websitesgh.com/product-category/kitchen-home/,T1 transactional
WGH Shop - Search - Appliances,Hot Plates,hot plate ghana,Phrase,0.26,https://shop.websitesgh.com/product-category/kitchen-home/,T2 geo-commercial
WGH Shop - Search - Appliances,Hot Plates,hot plate accra,Phrase,0.26,https://shop.websitesgh.com/product-category/kitchen-home/,T2 geo-commercial
WGH Shop - Search - Appliances,Hot Plates,hot plate in ghana,Phrase,0.26,https://shop.websitesgh.com/product-category/kitchen-home/,T2 geo-commercial
WGH Shop - Search - Appliances,Hot Plates,hot plate in accra,Phrase,0.26,https://shop.websitesgh.com/product-category/kitchen-home/,T2 geo-commercial
WGH Shop - Search - Appliances,Hot Plates,hot plate price ghana,Phrase,0.26,https://shop.websitesgh.com/product-category/kitchen-home/,T2 geo-commercial
WGH Shop - Search - Appliances,Hot Plates,hot plate for sale ghana,Phrase,0.26,https://shop.websitesgh.com/product-category/kitchen-home/,T2 geo-commercial
WGH Shop - Search - Appliances,Hot Plates,hot plate online ghana,Phrase,0.26,https://shop.websitesgh.com/product-category/kitchen-home/,T2 geo-commercial
WGH Shop - Search - Appliances,Hot Plates,hot plate price list ghana,Phrase,0.26,https://shop.websitesgh.com/product-category/kitchen-home/,T2 geo-commercial
WGH Shop - Search - Appliances,Hot Plates,hot plate double burner ghana,Phrase,0.24,https://shop.websitesgh.com/product-category/kitchen-home/,T3 problem-solution
WGH Shop - Search - Appliances,Hot Plates,best hot plate double burner,Phrase,0.22,https://shop.websitesgh.com/product-category/kitchen-home/,T3 problem-solution
WGH Shop - Search - Appliances,Hot Plates,hot plate single burner ghana,Phrase,0.24,https://shop.websitesgh.com/product-category/kitchen-home/,T3 problem-solution
WGH Shop - Search - Appliances,Hot Plates,best hot plate single burner,Phrase,0.22,https://shop.websitesgh.com/product-category/kitchen-home/,T3 problem-solution
WGH Shop - Search - Appliances,Hot Plates,hot plate for hostel ghana,Phrase,0.24,https://shop.websitesgh.com/product-category/kitchen-home/,T3 problem-solution
WGH Shop - Search - Appliances,Hot Plates,best hot plate for hostel,Phrase,0.22,https://shop.websitesgh.com/product-category/kitchen-home/,T3 problem-solution
WGH Shop - Search - Appliances,Hot Plates,electric hot plate ghana,Phrase,0.26,https://shop.websitesgh.com/product-category/kitchen-home/,T2 geo-commercial
WGH Shop - Search - Appliances,Hot Plates,electric hot plate accra,Phrase,0.26,https://shop.websitesgh.com/product-category/kitchen-home/,T2 geo-commercial
WGH Shop - Search - Appliances,Hot Plates,electric hot plate in ghana,Phrase,0.26,https://shop.websitesgh.com/product-category/kitchen-home/,T2 geo-commercial
WGH Shop - Search - Appliances,Hot Plates,electric hot plate in accra,Phrase,0.26,https://shop.websitesgh.com/product-category/kitchen-home/,T2 geo-commercial
WGH Shop - Search - Appliances,Hot Plates,electric hot plate price ghana,Phrase,0.26,https://shop.websitesgh.com/product-category/kitchen-home/,T2 geo-commercial
WGH Shop - Search - Appliances,Hot Plates,electric hot plate for sale ghana,Phrase,0.26,https://shop.websitesgh.com/product-category/kitchen-home/,T2 geo-commercial
WGH Shop - Search - Appliances,Hot Plates,electric hot plate online ghana,Phrase,0.26,https://shop.websitesgh.com/product-category/kitchen-home/,T2 geo-commercial
WGH Shop - Search - Appliances,Hot Plates,electric hot plate price list ghana,Phrase,0.26,https://shop.websitesgh.com/product-category/kitchen-home/,T2 geo-commercial
WGH Shop - Search - Appliances,Hot Plates,electric hot plate double burner ghana,Phrase,0.24,https://shop.websitesgh.com/product-category/kitchen-home/,T3 problem-solution
WGH Shop - Search - Appliances,Hot Plates,best electric hot plate double burner,Phrase,0.22,https://shop.websitesgh.com/product-category/kitchen-home/,T3 problem-solution
WGH Shop - Search - Appliances,Hot Plates,electric hot plate single burner ghana,Phrase,0.24,https://shop.websitesgh.com/product-category/kitchen-home/,T3 problem-solution
WGH Shop - Search - Appliances,Hot Plates,best electric hot plate single burner,Phrase,0.22,https://shop.websitesgh.com/product-category/kitchen-home/,T3 problem-solution
WGH Shop - Search - Appliances,Hot Plates,electric hot plate for hostel ghana,Phrase,0.24,https://shop.websitesgh.com/product-category/kitchen-home/,T3 problem-solution
WGH Shop - Search - Appliances,Hot Plates,best electric hot plate for hostel,Phrase,0.22,https://shop.websitesgh.com/product-category/kitchen-home/,T3 problem-solution
WGH Shop - Search - Appliances,Hot Plates,table top cooker ghana,Phrase,0.26,https://shop.websitesgh.com/product-category/kitchen-home/,T2 geo-commercial
WGH Shop - Search - Appliances,Hot Plates,table top cooker accra,Phrase,0.26,https://shop.websitesgh.com/product-category/kitchen-home/,T2 geo-commercial
WGH Shop - Search - Appliances,Hot Plates,table top cooker in ghana,Phrase,0.26,https://shop.websitesgh.com/product-category/kitchen-home/,T2 geo-commercial
WGH Shop - Search - Appliances,Hot Plates,table top cooker in accra,Phrase,0.26,https://shop.websitesgh.com/product-category/kitchen-home/,T2 geo-commercial
WGH Shop - Search - Appliances,Hot Plates,table top cooker price ghana,Phrase,0.26,https://shop.websitesgh.com/product-category/kitchen-home/,T2 geo-commercial
WGH Shop - Search - Appliances,Hot Plates,table top cooker for sale ghana,Phrase,0.26,https://shop.websitesgh.com/product-category/kitchen-home/,T2 geo-commercial
WGH Shop - Search - Appliances,Hot Plates,table top cooker online ghana,Phrase,0.26,https://shop.websitesgh.com/product-category/kitchen-home/,T2 geo-commercial
WGH Shop - Search - Appliances,Hot Plates,table top cooker price list ghana,Phrase,0.26,https://shop.websitesgh.com/product-category/kitchen-home/,T2 geo-commercial
WGH Shop - Search - Appliances,Hot Plates,table top cooker double burner ghana,Phrase,0.24,https://shop.websitesgh.com/product-category/kitchen-home/,T3 problem-solution
WGH Shop - Search - Appliances,Hot Plates,best table top cooker double burner,Phrase,0.22,https://shop.websitesgh.com/product-category/kitchen-home/,T3 problem-solution
WGH Shop - Search - Appliances,Hot Plates,table top cooker single burner ghana,Phrase,0.24,https://shop.websitesgh.com/product-category/kitchen-home/,T3 problem-solution
WGH Shop - Search - Appliances,Hot Plates,best table top cooker single burner,Phrase,0.22,https://shop.websitesgh.com/product-category/kitchen-home/,T3 problem-solution
WGH Shop - Search - Appliances,Hot Plates,table top cooker for hostel ghana,Phrase,0.24,https://shop.websitesgh.com/product-category/kitchen-home/,T3 problem-solution
WGH Shop - Search - Appliances,Hot Plates,best table top cooker for hostel,Phrase,0.22,https://shop.websitesgh.com/product-category/kitchen-home/,T3 problem-solution
WGH Shop - Search - Appliances,Air Fryers,air fryer price in ghana,Exact,0.32,https://shop.websitesgh.com/product-category/kitchen-home/,T1 transactional
WGH Shop - Search - Appliances,Air Fryers,buy air fryer in ghana,Exact,0.32,https://shop.websitesgh.com/product-category/kitchen-home/,T1 transactional
WGH Shop - Search - Appliances,Air Fryers,where to buy air fryer in accra,Phrase,0.30,https://shop.websitesgh.com/product-category/kitchen-home/,T1 transactional
WGH Shop - Search - Appliances,Air Fryers,how much is air fryer in ghana,Phrase,0.30,https://shop.websitesgh.com/product-category/kitchen-home/,T1 transactional
WGH Shop - Search - Appliances,Air Fryers,air fryer ghana,Phrase,0.26,https://shop.websitesgh.com/product-category/kitchen-home/,T2 geo-commercial
WGH Shop - Search - Appliances,Air Fryers,air fryer accra,Phrase,0.26,https://shop.websitesgh.com/product-category/kitchen-home/,T2 geo-commercial
WGH Shop - Search - Appliances,Air Fryers,air fryer in ghana,Phrase,0.26,https://shop.websitesgh.com/product-category/kitchen-home/,T2 geo-commercial
WGH Shop - Search - Appliances,Air Fryers,air fryer in accra,Phrase,0.26,https://shop.websitesgh.com/product-category/kitchen-home/,T2 geo-commercial
WGH Shop - Search - Appliances,Air Fryers,air fryer price ghana,Phrase,0.26,https://shop.websitesgh.com/product-category/kitchen-home/,T2 geo-commercial
WGH Shop - Search - Appliances,Air Fryers,air fryer for sale ghana,Phrase,0.26,https://shop.websitesgh.com/product-category/kitchen-home/,T2 geo-commercial
WGH Shop - Search - Appliances,Air Fryers,air fryer online ghana,Phrase,0.26,https://shop.websitesgh.com/product-category/kitchen-home/,T2 geo-commercial
WGH Shop - Search - Appliances,Air Fryers,air fryer price list ghana,Phrase,0.26,https://shop.websitesgh.com/product-category/kitchen-home/,T2 geo-commercial
WGH Shop - Search - Appliances,Air Fryers,air fryer electric ghana,Phrase,0.24,https://shop.websitesgh.com/product-category/kitchen-home/,T3 problem-solution
WGH Shop - Search - Appliances,Air Fryers,best air fryer electric,Phrase,0.22,https://shop.websitesgh.com/product-category/kitchen-home/,T3 problem-solution
WGH Shop - Search - Appliances,Air Fryers,air fryer large ghana,Phrase,0.24,https://shop.websitesgh.com/product-category/kitchen-home/,T3 problem-solution
WGH Shop - Search - Appliances,Air Fryers,best air fryer large,Phrase,0.22,https://shop.websitesgh.com/product-category/kitchen-home/,T3 problem-solution
WGH Shop - Search - Appliances,Air Fryers,deep fryer ghana,Phrase,0.26,https://shop.websitesgh.com/product-category/kitchen-home/,T2 geo-commercial
WGH Shop - Search - Appliances,Air Fryers,deep fryer accra,Phrase,0.26,https://shop.websitesgh.com/product-category/kitchen-home/,T2 geo-commercial
WGH Shop - Search - Appliances,Air Fryers,deep fryer in ghana,Phrase,0.26,https://shop.websitesgh.com/product-category/kitchen-home/,T2 geo-commercial
WGH Shop - Search - Appliances,Air Fryers,deep fryer in accra,Phrase,0.26,https://shop.websitesgh.com/product-category/kitchen-home/,T2 geo-commercial
WGH Shop - Search - Appliances,Air Fryers,deep fryer price ghana,Phrase,0.26,https://shop.websitesgh.com/product-category/kitchen-home/,T2 geo-commercial
WGH Shop - Search - Appliances,Air Fryers,deep fryer for sale ghana,Phrase,0.26,https://shop.websitesgh.com/product-category/kitchen-home/,T2 geo-commercial
WGH Shop - Search - Appliances,Air Fryers,deep fryer online ghana,Phrase,0.26,https://shop.websitesgh.com/product-category/kitchen-home/,T2 geo-commercial
WGH Shop - Search - Appliances,Air Fryers,deep fryer price list ghana,Phrase,0.26,https://shop.websitesgh.com/product-category/kitchen-home/,T2 geo-commercial
WGH Shop - Search - Appliances,Air Fryers,deep fryer electric ghana,Phrase,0.24,https://shop.websitesgh.com/product-category/kitchen-home/,T3 problem-solution
WGH Shop - Search - Appliances,Air Fryers,best deep fryer electric,Phrase,0.22,https://shop.websitesgh.com/product-category/kitchen-home/,T3 problem-solution
WGH Shop - Search - Appliances,Air Fryers,deep fryer large ghana,Phrase,0.24,https://shop.websitesgh.com/product-category/kitchen-home/,T3 problem-solution
WGH Shop - Search - Appliances,Air Fryers,best deep fryer large,Phrase,0.22,https://shop.websitesgh.com/product-category/kitchen-home/,T3 problem-solution
WGH Shop - Search - Appliances,Power Banks,power bank price in ghana,Exact,0.32,https://shop.websitesgh.com/product-category/phones-audio/,T1 transactional
WGH Shop - Search - Appliances,Power Banks,buy power bank in ghana,Exact,0.32,https://shop.websitesgh.com/product-category/phones-audio/,T1 transactional
WGH Shop - Search - Appliances,Power Banks,where to buy power bank in accra,Phrase,0.30,https://shop.websitesgh.com/product-category/phones-audio/,T1 transactional
WGH Shop - Search - Appliances,Power Banks,how much is power bank in ghana,Phrase,0.30,https://shop.websitesgh.com/product-category/phones-audio/,T1 transactional
WGH Shop - Search - Appliances,Power Banks,power bank ghana,Phrase,0.26,https://shop.websitesgh.com/product-category/phones-audio/,T2 geo-commercial
WGH Shop - Search - Appliances,Power Banks,power bank accra,Phrase,0.26,https://shop.websitesgh.com/product-category/phones-audio/,T2 geo-commercial
WGH Shop - Search - Appliances,Power Banks,power bank in ghana,Phrase,0.26,https://shop.websitesgh.com/product-category/phones-audio/,T2 geo-commercial
WGH Shop - Search - Appliances,Power Banks,power bank in accra,Phrase,0.26,https://shop.websitesgh.com/product-category/phones-audio/,T2 geo-commercial
WGH Shop - Search - Appliances,Power Banks,power bank price ghana,Phrase,0.26,https://shop.websitesgh.com/product-category/phones-audio/,T2 geo-commercial
WGH Shop - Search - Appliances,Power Banks,power bank for sale ghana,Phrase,0.26,https://shop.websitesgh.com/product-category/phones-audio/,T2 geo-commercial
WGH Shop - Search - Appliances,Power Banks,power bank online ghana,Phrase,0.26,https://shop.websitesgh.com/product-category/phones-audio/,T2 geo-commercial
WGH Shop - Search - Appliances,Power Banks,power bank price list ghana,Phrase,0.26,https://shop.websitesgh.com/product-category/phones-audio/,T2 geo-commercial
WGH Shop - Search - Appliances,Power Banks,power bank 20000mah ghana,Phrase,0.24,https://shop.websitesgh.com/product-category/phones-audio/,T3 problem-solution
WGH Shop - Search - Appliances,Power Banks,best power bank 20000mah,Phrase,0.22,https://shop.websitesgh.com/product-category/phones-audio/,T3 problem-solution
WGH Shop - Search - Appliances,Power Banks,power bank 30000mah ghana,Phrase,0.24,https://shop.websitesgh.com/product-category/phones-audio/,T3 problem-solution
WGH Shop - Search - Appliances,Power Banks,best power bank 30000mah,Phrase,0.22,https://shop.websitesgh.com/product-category/phones-audio/,T3 problem-solution
WGH Shop - Search - Appliances,Power Banks,power bank fast charging ghana,Phrase,0.24,https://shop.websitesgh.com/product-category/phones-audio/,T3 problem-solution
WGH Shop - Search - Appliances,Power Banks,best power bank fast charging,Phrase,0.22,https://shop.websitesgh.com/product-category/phones-audio/,T3 problem-solution
WGH Shop - Search - Appliances,Power Banks,power bank solar ghana,Phrase,0.24,https://shop.websitesgh.com/product-category/phones-audio/,T3 problem-solution
WGH Shop - Search - Appliances,Power Banks,best power bank solar,Phrase,0.22,https://shop.websitesgh.com/product-category/phones-audio/,T3 problem-solution
WGH Shop - Search - Appliances,Power Banks,portable charger ghana,Phrase,0.26,https://shop.websitesgh.com/product-category/phones-audio/,T2 geo-commercial
WGH Shop - Search - Appliances,Power Banks,portable charger accra,Phrase,0.26,https://shop.websitesgh.com/product-category/phones-audio/,T2 geo-commercial
WGH Shop - Search - Appliances,Power Banks,portable charger in ghana,Phrase,0.26,https://shop.websitesgh.com/product-category/phones-audio/,T2 geo-commercial
WGH Shop - Search - Appliances,Power Banks,portable charger in accra,Phrase,0.26,https://shop.websitesgh.com/product-category/phones-audio/,T2 geo-commercial
WGH Shop - Search - Appliances,Power Banks,portable charger price ghana,Phrase,0.26,https://shop.websitesgh.com/product-category/phones-audio/,T2 geo-commercial
WGH Shop - Search - Appliances,Power Banks,portable charger for sale ghana,Phrase,0.26,https://shop.websitesgh.com/product-category/phones-audio/,T2 geo-commercial
WGH Shop - Search - Appliances,Power Banks,portable charger online ghana,Phrase,0.26,https://shop.websitesgh.com/product-category/phones-audio/,T2 geo-commercial
WGH Shop - Search - Appliances,Power Banks,portable charger price list ghana,Phrase,0.26,https://shop.websitesgh.com/product-category/phones-audio/,T2 geo-commercial
WGH Shop - Search - Appliances,Power Banks,portable charger 20000mah ghana,Phrase,0.24,https://shop.websitesgh.com/product-category/phones-audio/,T3 problem-solution
WGH Shop - Search - Appliances,Power Banks,best portable charger 20000mah,Phrase,0.22,https://shop.websitesgh.com/product-category/phones-audio/,T3 problem-solution
WGH Shop - Search - Appliances,Power Banks,portable charger 30000mah ghana,Phrase,0.24,https://shop.websitesgh.com/product-category/phones-audio/,T3 problem-solution
WGH Shop - Search - Appliances,Power Banks,best portable charger 30000mah,Phrase,0.22,https://shop.websitesgh.com/product-category/phones-audio/,T3 problem-solution
WGH Shop - Search - Appliances,Power Banks,portable charger fast charging ghana,Phrase,0.24,https://shop.websitesgh.com/product-category/phones-audio/,T3 problem-solution
WGH Shop - Search - Appliances,Power Banks,best portable charger fast charging,Phrase,0.22,https://shop.websitesgh.com/product-category/phones-audio/,T3 problem-solution
WGH Shop - Search - Appliances,Power Banks,portable charger solar ghana,Phrase,0.24,https://shop.websitesgh.com/product-category/phones-audio/,T3 problem-solution
WGH Shop - Search - Appliances,Power Banks,best portable charger solar,Phrase,0.22,https://shop.websitesgh.com/product-category/phones-audio/,T3 problem-solution
WGH Shop - Search - Appliances,Wireless Earbuds,wireless earbuds price in ghana,Exact,0.32,https://shop.websitesgh.com/product-category/phones-audio/,T1 transactional
WGH Shop - Search - Appliances,Wireless Earbuds,buy wireless earbuds in ghana,Exact,0.32,https://shop.websitesgh.com/product-category/phones-audio/,T1 transactional
WGH Shop - Search - Appliances,Wireless Earbuds,where to buy wireless earbuds in accra,Phrase,0.30,https://shop.websitesgh.com/product-category/phones-audio/,T1 transactional
WGH Shop - Search - Appliances,Wireless Earbuds,how much is wireless earbuds in ghana,Phrase,0.30,https://shop.websitesgh.com/product-category/phones-audio/,T1 transactional
WGH Shop - Search - Appliances,Wireless Earbuds,wireless earbuds ghana,Phrase,0.26,https://shop.websitesgh.com/product-category/phones-audio/,T2 geo-commercial
WGH Shop - Search - Appliances,Wireless Earbuds,wireless earbuds accra,Phrase,0.26,https://shop.websitesgh.com/product-category/phones-audio/,T2 geo-commercial
WGH Shop - Search - Appliances,Wireless Earbuds,wireless earbuds in ghana,Phrase,0.26,https://shop.websitesgh.com/product-category/phones-audio/,T2 geo-commercial
WGH Shop - Search - Appliances,Wireless Earbuds,wireless earbuds in accra,Phrase,0.26,https://shop.websitesgh.com/product-category/phones-audio/,T2 geo-commercial
WGH Shop - Search - Appliances,Wireless Earbuds,wireless earbuds price ghana,Phrase,0.26,https://shop.websitesgh.com/product-category/phones-audio/,T2 geo-commercial
WGH Shop - Search - Appliances,Wireless Earbuds,wireless earbuds for sale ghana,Phrase,0.26,https://shop.websitesgh.com/product-category/phones-audio/,T2 geo-commercial
WGH Shop - Search - Appliances,Wireless Earbuds,wireless earbuds online ghana,Phrase,0.26,https://shop.websitesgh.com/product-category/phones-audio/,T2 geo-commercial
WGH Shop - Search - Appliances,Wireless Earbuds,wireless earbuds price list ghana,Phrase,0.26,https://shop.websitesgh.com/product-category/phones-audio/,T2 geo-commercial
WGH Shop - Search - Appliances,Wireless Earbuds,wireless earbuds with mic ghana,Phrase,0.24,https://shop.websitesgh.com/product-category/phones-audio/,T3 problem-solution
WGH Shop - Search - Appliances,Wireless Earbuds,best wireless earbuds with mic,Phrase,0.22,https://shop.websitesgh.com/product-category/phones-audio/,T3 problem-solution
WGH Shop - Search - Appliances,Wireless Earbuds,wireless earbuds long battery ghana,Phrase,0.24,https://shop.websitesgh.com/product-category/phones-audio/,T3 problem-solution
WGH Shop - Search - Appliances,Wireless Earbuds,best wireless earbuds long battery,Phrase,0.22,https://shop.websitesgh.com/product-category/phones-audio/,T3 problem-solution
WGH Shop - Search - Appliances,Wireless Earbuds,wireless earbuds noise cancelling ghana,Phrase,0.24,https://shop.websitesgh.com/product-category/phones-audio/,T3 problem-solution
WGH Shop - Search - Appliances,Wireless Earbuds,best wireless earbuds noise cancelling,Phrase,0.22,https://shop.websitesgh.com/product-category/phones-audio/,T3 problem-solution
WGH Shop - Search - Appliances,Wireless Earbuds,earbuds ghana,Phrase,0.26,https://shop.websitesgh.com/product-category/phones-audio/,T2 geo-commercial
WGH Shop - Search - Appliances,Wireless Earbuds,earbuds accra,Phrase,0.26,https://shop.websitesgh.com/product-category/phones-audio/,T2 geo-commercial
WGH Shop - Search - Appliances,Wireless Earbuds,earbuds in ghana,Phrase,0.26,https://shop.websitesgh.com/product-category/phones-audio/,T2 geo-commercial
WGH Shop - Search - Appliances,Wireless Earbuds,earbuds in accra,Phrase,0.26,https://shop.websitesgh.com/product-category/phones-audio/,T2 geo-commercial
WGH Shop - Search - Appliances,Wireless Earbuds,earbuds price ghana,Phrase,0.26,https://shop.websitesgh.com/product-category/phones-audio/,T2 geo-commercial
WGH Shop - Search - Appliances,Wireless Earbuds,earbuds for sale ghana,Phrase,0.26,https://shop.websitesgh.com/product-category/phones-audio/,T2 geo-commercial
WGH Shop - Search - Appliances,Wireless Earbuds,earbuds online ghana,Phrase,0.26,https://shop.websitesgh.com/product-category/phones-audio/,T2 geo-commercial
WGH Shop - Search - Appliances,Wireless Earbuds,earbuds price list ghana,Phrase,0.26,https://shop.websitesgh.com/product-category/phones-audio/,T2 geo-commercial
WGH Shop - Search - Appliances,Wireless Earbuds,earbuds with mic ghana,Phrase,0.24,https://shop.websitesgh.com/product-category/phones-audio/,T3 problem-solution
WGH Shop - Search - Appliances,Wireless Earbuds,best earbuds with mic,Phrase,0.22,https://shop.websitesgh.com/product-category/phones-audio/,T3 problem-solution
WGH Shop - Search - Appliances,Wireless Earbuds,earbuds long battery ghana,Phrase,0.24,https://shop.websitesgh.com/product-category/phones-audio/,T3 problem-solution
WGH Shop - Search - Appliances,Wireless Earbuds,best earbuds long battery,Phrase,0.22,https://shop.websitesgh.com/product-category/phones-audio/,T3 problem-solution
WGH Shop - Search - Appliances,Wireless Earbuds,earbuds noise cancelling ghana,Phrase,0.24,https://shop.websitesgh.com/product-category/phones-audio/,T3 problem-solution
WGH Shop - Search - Appliances,Wireless Earbuds,best earbuds noise cancelling,Phrase,0.22,https://shop.websitesgh.com/product-category/phones-audio/,T3 problem-solution
WGH Shop - Search - Appliances,Wireless Earbuds,bluetooth earphones ghana,Phrase,0.26,https://shop.websitesgh.com/product-category/phones-audio/,T2 geo-commercial
WGH Shop - Search - Appliances,Wireless Earbuds,bluetooth earphones accra,Phrase,0.26,https://shop.websitesgh.com/product-category/phones-audio/,T2 geo-commercial
WGH Shop - Search - Appliances,Wireless Earbuds,bluetooth earphones in ghana,Phrase,0.26,https://shop.websitesgh.com/product-category/phones-audio/,T2 geo-commercial
WGH Shop - Search - Appliances,Wireless Earbuds,bluetooth earphones in accra,Phrase,0.26,https://shop.websitesgh.com/product-category/phones-audio/,T2 geo-commercial
WGH Shop - Search - Appliances,Wireless Earbuds,bluetooth earphones price ghana,Phrase,0.26,https://shop.websitesgh.com/product-category/phones-audio/,T2 geo-commercial
WGH Shop - Search - Appliances,Wireless Earbuds,bluetooth earphones for sale ghana,Phrase,0.26,https://shop.websitesgh.com/product-category/phones-audio/,T2 geo-commercial
WGH Shop - Search - Appliances,Wireless Earbuds,bluetooth earphones online ghana,Phrase,0.26,https://shop.websitesgh.com/product-category/phones-audio/,T2 geo-commercial
WGH Shop - Search - Appliances,Wireless Earbuds,bluetooth earphones price list ghana,Phrase,0.26,https://shop.websitesgh.com/product-category/phones-audio/,T2 geo-commercial
WGH Shop - Search - Appliances,Wireless Earbuds,bluetooth earphones with mic ghana,Phrase,0.24,https://shop.websitesgh.com/product-category/phones-audio/,T3 problem-solution
WGH Shop - Search - Appliances,Wireless Earbuds,best bluetooth earphones with mic,Phrase,0.22,https://shop.websitesgh.com/product-category/phones-audio/,T3 problem-solution
WGH Shop - Search - Appliances,Wireless Earbuds,bluetooth earphones long battery ghana,Phrase,0.24,https://shop.websitesgh.com/product-category/phones-audio/,T3 problem-solution
WGH Shop - Search - Appliances,Wireless Earbuds,best bluetooth earphones long battery,Phrase,0.22,https://shop.websitesgh.com/product-category/phones-audio/,T3 problem-solution
WGH Shop - Search - Appliances,Wireless Earbuds,bluetooth earphones noise cancelling ghana,Phrase,0.24,https://shop.websitesgh.com/product-category/phones-audio/,T3 problem-solution
WGH Shop - Search - Appliances,Wireless Earbuds,best bluetooth earphones noise cancelling,Phrase,0.22,https://shop.websitesgh.com/product-category/phones-audio/,T3 problem-solution
WGH Shop - Search - Appliances,Bluetooth Speakers,bluetooth speaker price in ghana,Exact,0.32,https://shop.websitesgh.com/product-category/phones-audio/,T1 transactional
WGH Shop - Search - Appliances,Bluetooth Speakers,buy bluetooth speaker in ghana,Exact,0.32,https://shop.websitesgh.com/product-category/phones-audio/,T1 transactional
WGH Shop - Search - Appliances,Bluetooth Speakers,where to buy bluetooth speaker in accra,Phrase,0.30,https://shop.websitesgh.com/product-category/phones-audio/,T1 transactional
WGH Shop - Search - Appliances,Bluetooth Speakers,how much is bluetooth speaker in ghana,Phrase,0.30,https://shop.websitesgh.com/product-category/phones-audio/,T1 transactional
WGH Shop - Search - Appliances,Bluetooth Speakers,bluetooth speaker ghana,Phrase,0.26,https://shop.websitesgh.com/product-category/phones-audio/,T2 geo-commercial
WGH Shop - Search - Appliances,Bluetooth Speakers,bluetooth speaker accra,Phrase,0.26,https://shop.websitesgh.com/product-category/phones-audio/,T2 geo-commercial
WGH Shop - Search - Appliances,Bluetooth Speakers,bluetooth speaker in ghana,Phrase,0.26,https://shop.websitesgh.com/product-category/phones-audio/,T2 geo-commercial
WGH Shop - Search - Appliances,Bluetooth Speakers,bluetooth speaker in accra,Phrase,0.26,https://shop.websitesgh.com/product-category/phones-audio/,T2 geo-commercial
WGH Shop - Search - Appliances,Bluetooth Speakers,bluetooth speaker price ghana,Phrase,0.26,https://shop.websitesgh.com/product-category/phones-audio/,T2 geo-commercial
WGH Shop - Search - Appliances,Bluetooth Speakers,bluetooth speaker for sale ghana,Phrase,0.26,https://shop.websitesgh.com/product-category/phones-audio/,T2 geo-commercial
WGH Shop - Search - Appliances,Bluetooth Speakers,bluetooth speaker online ghana,Phrase,0.26,https://shop.websitesgh.com/product-category/phones-audio/,T2 geo-commercial
WGH Shop - Search - Appliances,Bluetooth Speakers,bluetooth speaker price list ghana,Phrase,0.26,https://shop.websitesgh.com/product-category/phones-audio/,T2 geo-commercial
WGH Shop - Search - Appliances,Bluetooth Speakers,bluetooth speaker loud ghana,Phrase,0.24,https://shop.websitesgh.com/product-category/phones-audio/,T3 problem-solution
WGH Shop - Search - Appliances,Bluetooth Speakers,best bluetooth speaker loud,Phrase,0.22,https://shop.websitesgh.com/product-category/phones-audio/,T3 problem-solution
WGH Shop - Search - Appliances,Bluetooth Speakers,bluetooth speaker waterproof ghana,Phrase,0.24,https://shop.websitesgh.com/product-category/phones-audio/,T3 problem-solution
WGH Shop - Search - Appliances,Bluetooth Speakers,best bluetooth speaker waterproof,Phrase,0.22,https://shop.websitesgh.com/product-category/phones-audio/,T3 problem-solution
WGH Shop - Search - Appliances,Bluetooth Speakers,bluetooth speaker with mic ghana,Phrase,0.24,https://shop.websitesgh.com/product-category/phones-audio/,T3 problem-solution
WGH Shop - Search - Appliances,Bluetooth Speakers,best bluetooth speaker with mic,Phrase,0.22,https://shop.websitesgh.com/product-category/phones-audio/,T3 problem-solution
WGH Shop - Search - Appliances,Bluetooth Speakers,portable speaker ghana,Phrase,0.26,https://shop.websitesgh.com/product-category/phones-audio/,T2 geo-commercial
WGH Shop - Search - Appliances,Bluetooth Speakers,portable speaker accra,Phrase,0.26,https://shop.websitesgh.com/product-category/phones-audio/,T2 geo-commercial
WGH Shop - Search - Appliances,Bluetooth Speakers,portable speaker in ghana,Phrase,0.26,https://shop.websitesgh.com/product-category/phones-audio/,T2 geo-commercial
WGH Shop - Search - Appliances,Bluetooth Speakers,portable speaker in accra,Phrase,0.26,https://shop.websitesgh.com/product-category/phones-audio/,T2 geo-commercial
WGH Shop - Search - Appliances,Bluetooth Speakers,portable speaker price ghana,Phrase,0.26,https://shop.websitesgh.com/product-category/phones-audio/,T2 geo-commercial
WGH Shop - Search - Appliances,Bluetooth Speakers,portable speaker for sale ghana,Phrase,0.26,https://shop.websitesgh.com/product-category/phones-audio/,T2 geo-commercial
WGH Shop - Search - Appliances,Bluetooth Speakers,portable speaker online ghana,Phrase,0.26,https://shop.websitesgh.com/product-category/phones-audio/,T2 geo-commercial
WGH Shop - Search - Appliances,Bluetooth Speakers,portable speaker price list ghana,Phrase,0.26,https://shop.websitesgh.com/product-category/phones-audio/,T2 geo-commercial
WGH Shop - Search - Appliances,Bluetooth Speakers,portable speaker loud ghana,Phrase,0.24,https://shop.websitesgh.com/product-category/phones-audio/,T3 problem-solution
WGH Shop - Search - Appliances,Bluetooth Speakers,best portable speaker loud,Phrase,0.22,https://shop.websitesgh.com/product-category/phones-audio/,T3 problem-solution
WGH Shop - Search - Appliances,Bluetooth Speakers,portable speaker waterproof ghana,Phrase,0.24,https://shop.websitesgh.com/product-category/phones-audio/,T3 problem-solution
WGH Shop - Search - Appliances,Bluetooth Speakers,best portable speaker waterproof,Phrase,0.22,https://shop.websitesgh.com/product-category/phones-audio/,T3 problem-solution
WGH Shop - Search - Appliances,Bluetooth Speakers,portable speaker with mic ghana,Phrase,0.24,https://shop.websitesgh.com/product-category/phones-audio/,T3 problem-solution
WGH Shop - Search - Appliances,Bluetooth Speakers,best portable speaker with mic,Phrase,0.22,https://shop.websitesgh.com/product-category/phones-audio/,T3 problem-solution
WGH Shop - Search - Appliances,Pressing Irons,pressing iron price in ghana,Exact,0.32,https://shop.websitesgh.com/product-category/laundry/,T1 transactional
WGH Shop - Search - Appliances,Pressing Irons,buy pressing iron in ghana,Exact,0.32,https://shop.websitesgh.com/product-category/laundry/,T1 transactional
WGH Shop - Search - Appliances,Pressing Irons,where to buy pressing iron in accra,Phrase,0.30,https://shop.websitesgh.com/product-category/laundry/,T1 transactional
WGH Shop - Search - Appliances,Pressing Irons,how much is pressing iron in ghana,Phrase,0.30,https://shop.websitesgh.com/product-category/laundry/,T1 transactional
WGH Shop - Search - Appliances,Pressing Irons,pressing iron ghana,Phrase,0.26,https://shop.websitesgh.com/product-category/laundry/,T2 geo-commercial
WGH Shop - Search - Appliances,Pressing Irons,pressing iron accra,Phrase,0.26,https://shop.websitesgh.com/product-category/laundry/,T2 geo-commercial
WGH Shop - Search - Appliances,Pressing Irons,pressing iron in ghana,Phrase,0.26,https://shop.websitesgh.com/product-category/laundry/,T2 geo-commercial
WGH Shop - Search - Appliances,Pressing Irons,pressing iron in accra,Phrase,0.26,https://shop.websitesgh.com/product-category/laundry/,T2 geo-commercial
WGH Shop - Search - Appliances,Pressing Irons,pressing iron price ghana,Phrase,0.26,https://shop.websitesgh.com/product-category/laundry/,T2 geo-commercial
WGH Shop - Search - Appliances,Pressing Irons,pressing iron for sale ghana,Phrase,0.26,https://shop.websitesgh.com/product-category/laundry/,T2 geo-commercial
WGH Shop - Search - Appliances,Pressing Irons,pressing iron online ghana,Phrase,0.26,https://shop.websitesgh.com/product-category/laundry/,T2 geo-commercial
WGH Shop - Search - Appliances,Pressing Irons,pressing iron price list ghana,Phrase,0.26,https://shop.websitesgh.com/product-category/laundry/,T2 geo-commercial
WGH Shop - Search - Appliances,Pressing Irons,pressing iron for kente ghana,Phrase,0.24,https://shop.websitesgh.com/product-category/laundry/,T3 problem-solution
WGH Shop - Search - Appliances,Pressing Irons,best pressing iron for kente,Phrase,0.22,https://shop.websitesgh.com/product-category/laundry/,T3 problem-solution
WGH Shop - Search - Appliances,Pressing Irons,pressing iron non stick ghana,Phrase,0.24,https://shop.websitesgh.com/product-category/laundry/,T3 problem-solution
WGH Shop - Search - Appliances,Pressing Irons,best pressing iron non stick,Phrase,0.22,https://shop.websitesgh.com/product-category/laundry/,T3 problem-solution
WGH Shop - Search - Appliances,Pressing Irons,pressing iron heavy ghana,Phrase,0.24,https://shop.websitesgh.com/product-category/laundry/,T3 problem-solution
WGH Shop - Search - Appliances,Pressing Irons,best pressing iron heavy,Phrase,0.22,https://shop.websitesgh.com/product-category/laundry/,T3 problem-solution
WGH Shop - Search - Appliances,Pressing Irons,steam iron ghana,Phrase,0.26,https://shop.websitesgh.com/product-category/laundry/,T2 geo-commercial
WGH Shop - Search - Appliances,Pressing Irons,steam iron accra,Phrase,0.26,https://shop.websitesgh.com/product-category/laundry/,T2 geo-commercial
WGH Shop - Search - Appliances,Pressing Irons,steam iron in ghana,Phrase,0.26,https://shop.websitesgh.com/product-category/laundry/,T2 geo-commercial
WGH Shop - Search - Appliances,Pressing Irons,steam iron in accra,Phrase,0.26,https://shop.websitesgh.com/product-category/laundry/,T2 geo-commercial
WGH Shop - Search - Appliances,Pressing Irons,steam iron price ghana,Phrase,0.26,https://shop.websitesgh.com/product-category/laundry/,T2 geo-commercial
WGH Shop - Search - Appliances,Pressing Irons,steam iron for sale ghana,Phrase,0.26,https://shop.websitesgh.com/product-category/laundry/,T2 geo-commercial
WGH Shop - Search - Appliances,Pressing Irons,steam iron online ghana,Phrase,0.26,https://shop.websitesgh.com/product-category/laundry/,T2 geo-commercial
WGH Shop - Search - Appliances,Pressing Irons,steam iron price list ghana,Phrase,0.26,https://shop.websitesgh.com/product-category/laundry/,T2 geo-commercial
WGH Shop - Search - Appliances,Pressing Irons,steam iron for kente ghana,Phrase,0.24,https://shop.websitesgh.com/product-category/laundry/,T3 problem-solution
WGH Shop - Search - Appliances,Pressing Irons,best steam iron for kente,Phrase,0.22,https://shop.websitesgh.com/product-category/laundry/,T3 problem-solution
WGH Shop - Search - Appliances,Pressing Irons,steam iron non stick ghana,Phrase,0.24,https://shop.websitesgh.com/product-category/laundry/,T3 problem-solution
WGH Shop - Search - Appliances,Pressing Irons,best steam iron non stick,Phrase,0.22,https://shop.websitesgh.com/product-category/laundry/,T3 problem-solution
WGH Shop - Search - Appliances,Pressing Irons,steam iron heavy ghana,Phrase,0.24,https://shop.websitesgh.com/product-category/laundry/,T3 problem-solution
WGH Shop - Search - Appliances,Pressing Irons,best steam iron heavy,Phrase,0.22,https://shop.websitesgh.com/product-category/laundry/,T3 problem-solution
WGH Shop - Search - Appliances,Pressing Irons,dry iron ghana,Phrase,0.26,https://shop.websitesgh.com/product-category/laundry/,T2 geo-commercial
WGH Shop - Search - Appliances,Pressing Irons,dry iron accra,Phrase,0.26,https://shop.websitesgh.com/product-category/laundry/,T2 geo-commercial
WGH Shop - Search - Appliances,Pressing Irons,dry iron in ghana,Phrase,0.26,https://shop.websitesgh.com/product-category/laundry/,T2 geo-commercial
WGH Shop - Search - Appliances,Pressing Irons,dry iron in accra,Phrase,0.26,https://shop.websitesgh.com/product-category/laundry/,T2 geo-commercial
WGH Shop - Search - Appliances,Pressing Irons,dry iron price ghana,Phrase,0.26,https://shop.websitesgh.com/product-category/laundry/,T2 geo-commercial
WGH Shop - Search - Appliances,Pressing Irons,dry iron for sale ghana,Phrase,0.26,https://shop.websitesgh.com/product-category/laundry/,T2 geo-commercial
WGH Shop - Search - Appliances,Pressing Irons,dry iron online ghana,Phrase,0.26,https://shop.websitesgh.com/product-category/laundry/,T2 geo-commercial
WGH Shop - Search - Appliances,Pressing Irons,dry iron price list ghana,Phrase,0.26,https://shop.websitesgh.com/product-category/laundry/,T2 geo-commercial
WGH Shop - Search - Appliances,Pressing Irons,dry iron for kente ghana,Phrase,0.24,https://shop.websitesgh.com/product-category/laundry/,T3 problem-solution
WGH Shop - Search - Appliances,Pressing Irons,best dry iron for kente,Phrase,0.22,https://shop.websitesgh.com/product-category/laundry/,T3 problem-solution
WGH Shop - Search - Appliances,Pressing Irons,dry iron non stick ghana,Phrase,0.24,https://shop.websitesgh.com/product-category/laundry/,T3 problem-solution
WGH Shop - Search - Appliances,Pressing Irons,best dry iron non stick,Phrase,0.22,https://shop.websitesgh.com/product-category/laundry/,T3 problem-solution
WGH Shop - Search - Appliances,Pressing Irons,dry iron heavy ghana,Phrase,0.24,https://shop.websitesgh.com/product-category/laundry/,T3 problem-solution
WGH Shop - Search - Appliances,Pressing Irons,best dry iron heavy,Phrase,0.22,https://shop.websitesgh.com/product-category/laundry/,T3 problem-solution
WGH Shop - Search - Appliances,Rechargeable Fans,rechargeable fan price in ghana,Exact,0.32,https://shop.websitesgh.com/product-category/lighting-power/,T1 transactional
WGH Shop - Search - Appliances,Rechargeable Fans,buy rechargeable fan in ghana,Exact,0.32,https://shop.websitesgh.com/product-category/lighting-power/,T1 transactional
WGH Shop - Search - Appliances,Rechargeable Fans,where to buy rechargeable fan in accra,Phrase,0.30,https://shop.websitesgh.com/product-category/lighting-power/,T1 transactional
WGH Shop - Search - Appliances,Rechargeable Fans,how much is rechargeable fan in ghana,Phrase,0.30,https://shop.websitesgh.com/product-category/lighting-power/,T1 transactional
WGH Shop - Search - Appliances,Rechargeable Fans,rechargeable fan ghana,Phrase,0.26,https://shop.websitesgh.com/product-category/lighting-power/,T2 geo-commercial
WGH Shop - Search - Appliances,Rechargeable Fans,rechargeable fan accra,Phrase,0.26,https://shop.websitesgh.com/product-category/lighting-power/,T2 geo-commercial
WGH Shop - Search - Appliances,Rechargeable Fans,rechargeable fan in ghana,Phrase,0.26,https://shop.websitesgh.com/product-category/lighting-power/,T2 geo-commercial
WGH Shop - Search - Appliances,Rechargeable Fans,rechargeable fan in accra,Phrase,0.26,https://shop.websitesgh.com/product-category/lighting-power/,T2 geo-commercial
WGH Shop - Search - Appliances,Rechargeable Fans,rechargeable fan price ghana,Phrase,0.26,https://shop.websitesgh.com/product-category/lighting-power/,T2 geo-commercial
WGH Shop - Search - Appliances,Rechargeable Fans,rechargeable fan for sale ghana,Phrase,0.26,https://shop.websitesgh.com/product-category/lighting-power/,T2 geo-commercial
WGH Shop - Search - Appliances,Rechargeable Fans,rechargeable fan online ghana,Phrase,0.26,https://shop.websitesgh.com/product-category/lighting-power/,T2 geo-commercial
WGH Shop - Search - Appliances,Rechargeable Fans,rechargeable fan price list ghana,Phrase,0.26,https://shop.websitesgh.com/product-category/lighting-power/,T2 geo-commercial
WGH Shop - Search - Appliances,Rechargeable Fans,rechargeable fan for light off ghana,Phrase,0.24,https://shop.websitesgh.com/product-category/lighting-power/,T3 problem-solution
WGH Shop - Search - Appliances,Rechargeable Fans,best rechargeable fan for light off,Phrase,0.22,https://shop.websitesgh.com/product-category/lighting-power/,T3 problem-solution
WGH Shop - Search - Appliances,Rechargeable Fans,rechargeable fan with light ghana,Phrase,0.24,https://shop.websitesgh.com/product-category/lighting-power/,T3 problem-solution
WGH Shop - Search - Appliances,Rechargeable Fans,best rechargeable fan with light,Phrase,0.22,https://shop.websitesgh.com/product-category/lighting-power/,T3 problem-solution
WGH Shop - Search - Appliances,Rechargeable Fans,rechargeable fan 16 inch ghana,Phrase,0.24,https://shop.websitesgh.com/product-category/lighting-power/,T3 problem-solution
WGH Shop - Search - Appliances,Rechargeable Fans,best rechargeable fan 16 inch,Phrase,0.22,https://shop.websitesgh.com/product-category/lighting-power/,T3 problem-solution
WGH Shop - Search - Appliances,Rechargeable Fans,standing fan ghana,Phrase,0.26,https://shop.websitesgh.com/product-category/lighting-power/,T2 geo-commercial
WGH Shop - Search - Appliances,Rechargeable Fans,standing fan accra,Phrase,0.26,https://shop.websitesgh.com/product-category/lighting-power/,T2 geo-commercial
WGH Shop - Search - Appliances,Rechargeable Fans,standing fan in ghana,Phrase,0.26,https://shop.websitesgh.com/product-category/lighting-power/,T2 geo-commercial
WGH Shop - Search - Appliances,Rechargeable Fans,standing fan in accra,Phrase,0.26,https://shop.websitesgh.com/product-category/lighting-power/,T2 geo-commercial
WGH Shop - Search - Appliances,Rechargeable Fans,standing fan price ghana,Phrase,0.26,https://shop.websitesgh.com/product-category/lighting-power/,T2 geo-commercial
WGH Shop - Search - Appliances,Rechargeable Fans,standing fan for sale ghana,Phrase,0.26,https://shop.websitesgh.com/product-category/lighting-power/,T2 geo-commercial
WGH Shop - Search - Appliances,Rechargeable Fans,standing fan online ghana,Phrase,0.26,https://shop.websitesgh.com/product-category/lighting-power/,T2 geo-commercial
WGH Shop - Search - Appliances,Rechargeable Fans,standing fan price list ghana,Phrase,0.26,https://shop.websitesgh.com/product-category/lighting-power/,T2 geo-commercial
WGH Shop - Search - Appliances,Rechargeable Fans,standing fan for light off ghana,Phrase,0.24,https://shop.websitesgh.com/product-category/lighting-power/,T3 problem-solution
WGH Shop - Search - Appliances,Rechargeable Fans,best standing fan for light off,Phrase,0.22,https://shop.websitesgh.com/product-category/lighting-power/,T3 problem-solution
WGH Shop - Search - Appliances,Rechargeable Fans,standing fan with light ghana,Phrase,0.24,https://shop.websitesgh.com/product-category/lighting-power/,T3 problem-solution
WGH Shop - Search - Appliances,Rechargeable Fans,best standing fan with light,Phrase,0.22,https://shop.websitesgh.com/product-category/lighting-power/,T3 problem-solution
WGH Shop - Search - Appliances,Rechargeable Fans,standing fan 16 inch ghana,Phrase,0.24,https://shop.websitesgh.com/product-category/lighting-power/,T3 problem-solution
WGH Shop - Search - Appliances,Rechargeable Fans,best standing fan 16 inch,Phrase,0.22,https://shop.websitesgh.com/product-category/lighting-power/,T3 problem-solution
WGH Shop - Search - Appliances,Rechargeable Fans,table fan ghana,Phrase,0.26,https://shop.websitesgh.com/product-category/lighting-power/,T2 geo-commercial
WGH Shop - Search - Appliances,Rechargeable Fans,table fan accra,Phrase,0.26,https://shop.websitesgh.com/product-category/lighting-power/,T2 geo-commercial
WGH Shop - Search - Appliances,Rechargeable Fans,table fan in ghana,Phrase,0.26,https://shop.websitesgh.com/product-category/lighting-power/,T2 geo-commercial
WGH Shop - Search - Appliances,Rechargeable Fans,table fan in accra,Phrase,0.26,https://shop.websitesgh.com/product-category/lighting-power/,T2 geo-commercial
WGH Shop - Search - Appliances,Rechargeable Fans,table fan price ghana,Phrase,0.26,https://shop.websitesgh.com/product-category/lighting-power/,T2 geo-commercial
WGH Shop - Search - Appliances,Rechargeable Fans,table fan for sale ghana,Phrase,0.26,https://shop.websitesgh.com/product-category/lighting-power/,T2 geo-commercial
WGH Shop - Search - Appliances,Rechargeable Fans,table fan online ghana,Phrase,0.26,https://shop.websitesgh.com/product-category/lighting-power/,T2 geo-commercial
WGH Shop - Search - Appliances,Rechargeable Fans,table fan price list ghana,Phrase,0.26,https://shop.websitesgh.com/product-category/lighting-power/,T2 geo-commercial
WGH Shop - Search - Appliances,Rechargeable Fans,table fan for light off ghana,Phrase,0.24,https://shop.websitesgh.com/product-category/lighting-power/,T3 problem-solution
WGH Shop - Search - Appliances,Rechargeable Fans,best table fan for light off,Phrase,0.22,https://shop.websitesgh.com/product-category/lighting-power/,T3 problem-solution
WGH Shop - Search - Appliances,Rechargeable Fans,table fan with light ghana,Phrase,0.24,https://shop.websitesgh.com/product-category/lighting-power/,T3 problem-solution
WGH Shop - Search - Appliances,Rechargeable Fans,best table fan with light,Phrase,0.22,https://shop.websitesgh.com/product-category/lighting-power/,T3 problem-solution
WGH Shop - Search - Appliances,Rechargeable Fans,table fan 16 inch ghana,Phrase,0.24,https://shop.websitesgh.com/product-category/lighting-power/,T3 problem-solution
WGH Shop - Search - Appliances,Rechargeable Fans,best table fan 16 inch,Phrase,0.22,https://shop.websitesgh.com/product-category/lighting-power/,T3 problem-solution
WGH Shop - Search - Appliances,Rechargeable Lamps,rechargeable lamp price in ghana,Exact,0.32,https://shop.websitesgh.com/product-category/lighting-power/,T1 transactional
WGH Shop - Search - Appliances,Rechargeable Lamps,buy rechargeable lamp in ghana,Exact,0.32,https://shop.websitesgh.com/product-category/lighting-power/,T1 transactional
WGH Shop - Search - Appliances,Rechargeable Lamps,where to buy rechargeable lamp in accra,Phrase,0.30,https://shop.websitesgh.com/product-category/lighting-power/,T1 transactional
WGH Shop - Search - Appliances,Rechargeable Lamps,how much is rechargeable lamp in ghana,Phrase,0.30,https://shop.websitesgh.com/product-category/lighting-power/,T1 transactional
WGH Shop - Search - Appliances,Rechargeable Lamps,rechargeable lamp ghana,Phrase,0.26,https://shop.websitesgh.com/product-category/lighting-power/,T2 geo-commercial
WGH Shop - Search - Appliances,Rechargeable Lamps,rechargeable lamp accra,Phrase,0.26,https://shop.websitesgh.com/product-category/lighting-power/,T2 geo-commercial
WGH Shop - Search - Appliances,Rechargeable Lamps,rechargeable lamp in ghana,Phrase,0.26,https://shop.websitesgh.com/product-category/lighting-power/,T2 geo-commercial
WGH Shop - Search - Appliances,Rechargeable Lamps,rechargeable lamp in accra,Phrase,0.26,https://shop.websitesgh.com/product-category/lighting-power/,T2 geo-commercial
WGH Shop - Search - Appliances,Rechargeable Lamps,rechargeable lamp price ghana,Phrase,0.26,https://shop.websitesgh.com/product-category/lighting-power/,T2 geo-commercial
WGH Shop - Search - Appliances,Rechargeable Lamps,rechargeable lamp for sale ghana,Phrase,0.26,https://shop.websitesgh.com/product-category/lighting-power/,T2 geo-commercial
WGH Shop - Search - Appliances,Rechargeable Lamps,rechargeable lamp online ghana,Phrase,0.26,https://shop.websitesgh.com/product-category/lighting-power/,T2 geo-commercial
WGH Shop - Search - Appliances,Rechargeable Lamps,rechargeable lamp price list ghana,Phrase,0.26,https://shop.websitesgh.com/product-category/lighting-power/,T2 geo-commercial
WGH Shop - Search - Appliances,Rechargeable Lamps,rechargeable lamp for light off ghana,Phrase,0.24,https://shop.websitesgh.com/product-category/lighting-power/,T3 problem-solution
WGH Shop - Search - Appliances,Rechargeable Lamps,best rechargeable lamp for light off,Phrase,0.22,https://shop.websitesgh.com/product-category/lighting-power/,T3 problem-solution
WGH Shop - Search - Appliances,Rechargeable Lamps,rechargeable lamp bright ghana,Phrase,0.24,https://shop.websitesgh.com/product-category/lighting-power/,T3 problem-solution
WGH Shop - Search - Appliances,Rechargeable Lamps,best rechargeable lamp bright,Phrase,0.22,https://shop.websitesgh.com/product-category/lighting-power/,T3 problem-solution
WGH Shop - Search - Appliances,Rechargeable Lamps,rechargeable lamp with power bank ghana,Phrase,0.24,https://shop.websitesgh.com/product-category/lighting-power/,T3 problem-solution
WGH Shop - Search - Appliances,Rechargeable Lamps,best rechargeable lamp with power bank,Phrase,0.22,https://shop.websitesgh.com/product-category/lighting-power/,T3 problem-solution
WGH Shop - Search - Appliances,Rechargeable Lamps,emergency light ghana,Phrase,0.26,https://shop.websitesgh.com/product-category/lighting-power/,T2 geo-commercial
WGH Shop - Search - Appliances,Rechargeable Lamps,emergency light accra,Phrase,0.26,https://shop.websitesgh.com/product-category/lighting-power/,T2 geo-commercial
WGH Shop - Search - Appliances,Rechargeable Lamps,emergency light in ghana,Phrase,0.26,https://shop.websitesgh.com/product-category/lighting-power/,T2 geo-commercial
WGH Shop - Search - Appliances,Rechargeable Lamps,emergency light in accra,Phrase,0.26,https://shop.websitesgh.com/product-category/lighting-power/,T2 geo-commercial
WGH Shop - Search - Appliances,Rechargeable Lamps,emergency light price ghana,Phrase,0.26,https://shop.websitesgh.com/product-category/lighting-power/,T2 geo-commercial
WGH Shop - Search - Appliances,Rechargeable Lamps,emergency light for sale ghana,Phrase,0.26,https://shop.websitesgh.com/product-category/lighting-power/,T2 geo-commercial
WGH Shop - Search - Appliances,Rechargeable Lamps,emergency light online ghana,Phrase,0.26,https://shop.websitesgh.com/product-category/lighting-power/,T2 geo-commercial
WGH Shop - Search - Appliances,Rechargeable Lamps,emergency light price list ghana,Phrase,0.26,https://shop.websitesgh.com/product-category/lighting-power/,T2 geo-commercial
WGH Shop - Search - Appliances,Rechargeable Lamps,emergency light for light off ghana,Phrase,0.24,https://shop.websitesgh.com/product-category/lighting-power/,T3 problem-solution
WGH Shop - Search - Appliances,Rechargeable Lamps,best emergency light for light off,Phrase,0.22,https://shop.websitesgh.com/product-category/lighting-power/,T3 problem-solution
WGH Shop - Search - Appliances,Rechargeable Lamps,emergency light bright ghana,Phrase,0.24,https://shop.websitesgh.com/product-category/lighting-power/,T3 problem-solution
WGH Shop - Search - Appliances,Rechargeable Lamps,best emergency light bright,Phrase,0.22,https://shop.websitesgh.com/product-category/lighting-power/,T3 problem-solution
WGH Shop - Search - Appliances,Rechargeable Lamps,emergency light with power bank ghana,Phrase,0.24,https://shop.websitesgh.com/product-category/lighting-power/,T3 problem-solution
WGH Shop - Search - Appliances,Rechargeable Lamps,best emergency light with power bank,Phrase,0.22,https://shop.websitesgh.com/product-category/lighting-power/,T3 problem-solution
WGH Shop - Search - Appliances,Rechargeable Lamps,solar lamp ghana,Phrase,0.26,https://shop.websitesgh.com/product-category/lighting-power/,T2 geo-commercial
WGH Shop - Search - Appliances,Rechargeable Lamps,solar lamp accra,Phrase,0.26,https://shop.websitesgh.com/product-category/lighting-power/,T2 geo-commercial
WGH Shop - Search - Appliances,Rechargeable Lamps,solar lamp in ghana,Phrase,0.26,https://shop.websitesgh.com/product-category/lighting-power/,T2 geo-commercial
WGH Shop - Search - Appliances,Rechargeable Lamps,solar lamp in accra,Phrase,0.26,https://shop.websitesgh.com/product-category/lighting-power/,T2 geo-commercial
WGH Shop - Search - Appliances,Rechargeable Lamps,solar lamp price ghana,Phrase,0.26,https://shop.websitesgh.com/product-category/lighting-power/,T2 geo-commercial
WGH Shop - Search - Appliances,Rechargeable Lamps,solar lamp for sale ghana,Phrase,0.26,https://shop.websitesgh.com/product-category/lighting-power/,T2 geo-commercial
WGH Shop - Search - Appliances,Rechargeable Lamps,solar lamp online ghana,Phrase,0.26,https://shop.websitesgh.com/product-category/lighting-power/,T2 geo-commercial
WGH Shop - Search - Appliances,Rechargeable Lamps,solar lamp price list ghana,Phrase,0.26,https://shop.websitesgh.com/product-category/lighting-power/,T2 geo-commercial
WGH Shop - Search - Appliances,Rechargeable Lamps,solar lamp for light off ghana,Phrase,0.24,https://shop.websitesgh.com/product-category/lighting-power/,T3 problem-solution
WGH Shop - Search - Appliances,Rechargeable Lamps,best solar lamp for light off,Phrase,0.22,https://shop.websitesgh.com/product-category/lighting-power/,T3 problem-solution
WGH Shop - Search - Appliances,Rechargeable Lamps,solar lamp bright ghana,Phrase,0.24,https://shop.websitesgh.com/product-category/lighting-power/,T3 problem-solution
WGH Shop - Search - Appliances,Rechargeable Lamps,best solar lamp bright,Phrase,0.22,https://shop.websitesgh.com/product-category/lighting-power/,T3 problem-solution
WGH Shop - Search - Appliances,Rechargeable Lamps,solar lamp with power bank ghana,Phrase,0.24,https://shop.websitesgh.com/product-category/lighting-power/,T3 problem-solution
WGH Shop - Search - Appliances,Rechargeable Lamps,best solar lamp with power bank,Phrase,0.22,https://shop.websitesgh.com/product-category/lighting-power/,T3 problem-solution
WGH Shop - Search - Appliances,School Bags,school bag price in ghana,Exact,0.32,https://shop.websitesgh.com/product-category/school-bags/,T1 transactional
WGH Shop - Search - Appliances,School Bags,buy school bag in ghana,Exact,0.32,https://shop.websitesgh.com/product-category/school-bags/,T1 transactional
WGH Shop - Search - Appliances,School Bags,where to buy school bag in accra,Phrase,0.30,https://shop.websitesgh.com/product-category/school-bags/,T1 transactional
WGH Shop - Search - Appliances,School Bags,how much is school bag in ghana,Phrase,0.30,https://shop.websitesgh.com/product-category/school-bags/,T1 transactional
WGH Shop - Search - Appliances,School Bags,school bag ghana,Phrase,0.26,https://shop.websitesgh.com/product-category/school-bags/,T2 geo-commercial
WGH Shop - Search - Appliances,School Bags,school bag accra,Phrase,0.26,https://shop.websitesgh.com/product-category/school-bags/,T2 geo-commercial
WGH Shop - Search - Appliances,School Bags,school bag in ghana,Phrase,0.26,https://shop.websitesgh.com/product-category/school-bags/,T2 geo-commercial
WGH Shop - Search - Appliances,School Bags,school bag in accra,Phrase,0.26,https://shop.websitesgh.com/product-category/school-bags/,T2 geo-commercial
WGH Shop - Search - Appliances,School Bags,school bag price ghana,Phrase,0.26,https://shop.websitesgh.com/product-category/school-bags/,T2 geo-commercial
WGH Shop - Search - Appliances,School Bags,school bag for sale ghana,Phrase,0.26,https://shop.websitesgh.com/product-category/school-bags/,T2 geo-commercial
WGH Shop - Search - Appliances,School Bags,school bag online ghana,Phrase,0.26,https://shop.websitesgh.com/product-category/school-bags/,T2 geo-commercial
WGH Shop - Search - Appliances,School Bags,school bag price list ghana,Phrase,0.26,https://shop.websitesgh.com/product-category/school-bags/,T2 geo-commercial
WGH Shop - Search - Appliances,School Bags,school bag for kids ghana,Phrase,0.24,https://shop.websitesgh.com/product-category/school-bags/,T3 problem-solution
WGH Shop - Search - Appliances,School Bags,best school bag for kids,Phrase,0.22,https://shop.websitesgh.com/product-category/school-bags/,T3 problem-solution
WGH Shop - Search - Appliances,School Bags,school bag waterproof ghana,Phrase,0.24,https://shop.websitesgh.com/product-category/school-bags/,T3 problem-solution
WGH Shop - Search - Appliances,School Bags,best school bag waterproof,Phrase,0.22,https://shop.websitesgh.com/product-category/school-bags/,T3 problem-solution
WGH Shop - Search - Appliances,School Bags,school bag with lunch box ghana,Phrase,0.24,https://shop.websitesgh.com/product-category/school-bags/,T3 problem-solution
WGH Shop - Search - Appliances,School Bags,best school bag with lunch box,Phrase,0.22,https://shop.websitesgh.com/product-category/school-bags/,T3 problem-solution
WGH Shop - Search - Appliances,School Bags,school bag set ghana,Phrase,0.26,https://shop.websitesgh.com/product-category/school-bags/,T2 geo-commercial
WGH Shop - Search - Appliances,School Bags,school bag set accra,Phrase,0.26,https://shop.websitesgh.com/product-category/school-bags/,T2 geo-commercial
WGH Shop - Search - Appliances,School Bags,school bag set in ghana,Phrase,0.26,https://shop.websitesgh.com/product-category/school-bags/,T2 geo-commercial
WGH Shop - Search - Appliances,School Bags,school bag set in accra,Phrase,0.26,https://shop.websitesgh.com/product-category/school-bags/,T2 geo-commercial
WGH Shop - Search - Appliances,School Bags,school bag set price ghana,Phrase,0.26,https://shop.websitesgh.com/product-category/school-bags/,T2 geo-commercial
WGH Shop - Search - Appliances,School Bags,school bag set for sale ghana,Phrase,0.26,https://shop.websitesgh.com/product-category/school-bags/,T2 geo-commercial
WGH Shop - Search - Appliances,School Bags,school bag set online ghana,Phrase,0.26,https://shop.websitesgh.com/product-category/school-bags/,T2 geo-commercial
WGH Shop - Search - Appliances,School Bags,school bag set price list ghana,Phrase,0.26,https://shop.websitesgh.com/product-category/school-bags/,T2 geo-commercial
WGH Shop - Search - Appliances,School Bags,school bag set for kids ghana,Phrase,0.24,https://shop.websitesgh.com/product-category/school-bags/,T3 problem-solution
WGH Shop - Search - Appliances,School Bags,best school bag set for kids,Phrase,0.22,https://shop.websitesgh.com/product-category/school-bags/,T3 problem-solution
WGH Shop - Search - Appliances,School Bags,school bag set waterproof ghana,Phrase,0.24,https://shop.websitesgh.com/product-category/school-bags/,T3 problem-solution
WGH Shop - Search - Appliances,School Bags,best school bag set waterproof,Phrase,0.22,https://shop.websitesgh.com/product-category/school-bags/,T3 problem-solution
WGH Shop - Search - Appliances,School Bags,school bag set with lunch box ghana,Phrase,0.24,https://shop.websitesgh.com/product-category/school-bags/,T3 problem-solution
WGH Shop - Search - Appliances,School Bags,best school bag set with lunch box,Phrase,0.22,https://shop.websitesgh.com/product-category/school-bags/,T3 problem-solution
WGH Shop - Search - Appliances,School Bags,backpack ghana,Phrase,0.26,https://shop.websitesgh.com/product-category/school-bags/,T2 geo-commercial
WGH Shop - Search - Appliances,School Bags,backpack accra,Phrase,0.26,https://shop.websitesgh.com/product-category/school-bags/,T2 geo-commercial
WGH Shop - Search - Appliances,School Bags,backpack in ghana,Phrase,0.26,https://shop.websitesgh.com/product-category/school-bags/,T2 geo-commercial
WGH Shop - Search - Appliances,School Bags,backpack in accra,Phrase,0.26,https://shop.websitesgh.com/product-category/school-bags/,T2 geo-commercial
WGH Shop - Search - Appliances,School Bags,backpack price ghana,Phrase,0.26,https://shop.websitesgh.com/product-category/school-bags/,T2 geo-commercial
WGH Shop - Search - Appliances,School Bags,backpack for sale ghana,Phrase,0.26,https://shop.websitesgh.com/product-category/school-bags/,T2 geo-commercial
WGH Shop - Search - Appliances,School Bags,backpack online ghana,Phrase,0.26,https://shop.websitesgh.com/product-category/school-bags/,T2 geo-commercial
WGH Shop - Search - Appliances,School Bags,backpack price list ghana,Phrase,0.26,https://shop.websitesgh.com/product-category/school-bags/,T2 geo-commercial
WGH Shop - Search - Appliances,School Bags,backpack for kids ghana,Phrase,0.24,https://shop.websitesgh.com/product-category/school-bags/,T3 problem-solution
WGH Shop - Search - Appliances,School Bags,best backpack for kids,Phrase,0.22,https://shop.websitesgh.com/product-category/school-bags/,T3 problem-solution
WGH Shop - Search - Appliances,School Bags,backpack waterproof ghana,Phrase,0.24,https://shop.websitesgh.com/product-category/school-bags/,T3 problem-solution
WGH Shop - Search - Appliances,School Bags,best backpack waterproof,Phrase,0.22,https://shop.websitesgh.com/product-category/school-bags/,T3 problem-solution
WGH Shop - Search - Appliances,School Bags,backpack with lunch box ghana,Phrase,0.24,https://shop.websitesgh.com/product-category/school-bags/,T3 problem-solution
WGH Shop - Search - Appliances,School Bags,best backpack with lunch box,Phrase,0.22,https://shop.websitesgh.com/product-category/school-bags/,T3 problem-solution
WGH Shop - Search - Appliances,Hair Clippers,hair clipper price in ghana,Exact,0.32,https://shop.websitesgh.com/product-category/personal-care/,T1 transactional
WGH Shop - Search - Appliances,Hair Clippers,buy hair clipper in ghana,Exact,0.32,https://shop.websitesgh.com/product-category/personal-care/,T1 transactional
WGH Shop - Search - Appliances,Hair Clippers,where to buy hair clipper in accra,Phrase,0.30,https://shop.websitesgh.com/product-category/personal-care/,T1 transactional
WGH Shop - Search - Appliances,Hair Clippers,how much is hair clipper in ghana,Phrase,0.30,https://shop.websitesgh.com/product-category/personal-care/,T1 transactional
WGH Shop - Search - Appliances,Hair Clippers,hair clipper ghana,Phrase,0.26,https://shop.websitesgh.com/product-category/personal-care/,T2 geo-commercial
WGH Shop - Search - Appliances,Hair Clippers,hair clipper accra,Phrase,0.26,https://shop.websitesgh.com/product-category/personal-care/,T2 geo-commercial
WGH Shop - Search - Appliances,Hair Clippers,hair clipper in ghana,Phrase,0.26,https://shop.websitesgh.com/product-category/personal-care/,T2 geo-commercial
WGH Shop - Search - Appliances,Hair Clippers,hair clipper in accra,Phrase,0.26,https://shop.websitesgh.com/product-category/personal-care/,T2 geo-commercial
WGH Shop - Search - Appliances,Hair Clippers,hair clipper price ghana,Phrase,0.26,https://shop.websitesgh.com/product-category/personal-care/,T2 geo-commercial
WGH Shop - Search - Appliances,Hair Clippers,hair clipper for sale ghana,Phrase,0.26,https://shop.websitesgh.com/product-category/personal-care/,T2 geo-commercial
WGH Shop - Search - Appliances,Hair Clippers,hair clipper online ghana,Phrase,0.26,https://shop.websitesgh.com/product-category/personal-care/,T2 geo-commercial
WGH Shop - Search - Appliances,Hair Clippers,hair clipper price list ghana,Phrase,0.26,https://shop.websitesgh.com/product-category/personal-care/,T2 geo-commercial
WGH Shop - Search - Appliances,Hair Clippers,hair clipper for barbers ghana,Phrase,0.24,https://shop.websitesgh.com/product-category/personal-care/,T3 problem-solution
WGH Shop - Search - Appliances,Hair Clippers,best hair clipper for barbers,Phrase,0.22,https://shop.websitesgh.com/product-category/personal-care/,T3 problem-solution
WGH Shop - Search - Appliances,Hair Clippers,hair clipper cordless ghana,Phrase,0.24,https://shop.websitesgh.com/product-category/personal-care/,T3 problem-solution
WGH Shop - Search - Appliances,Hair Clippers,best hair clipper cordless,Phrase,0.22,https://shop.websitesgh.com/product-category/personal-care/,T3 problem-solution
WGH Shop - Search - Appliances,Hair Clippers,hair clipper professional ghana,Phrase,0.24,https://shop.websitesgh.com/product-category/personal-care/,T3 problem-solution
WGH Shop - Search - Appliances,Hair Clippers,best hair clipper professional,Phrase,0.22,https://shop.websitesgh.com/product-category/personal-care/,T3 problem-solution
WGH Shop - Search - Appliances,Hair Clippers,hair trimmer ghana,Phrase,0.26,https://shop.websitesgh.com/product-category/personal-care/,T2 geo-commercial
WGH Shop - Search - Appliances,Hair Clippers,hair trimmer accra,Phrase,0.26,https://shop.websitesgh.com/product-category/personal-care/,T2 geo-commercial
WGH Shop - Search - Appliances,Hair Clippers,hair trimmer in ghana,Phrase,0.26,https://shop.websitesgh.com/product-category/personal-care/,T2 geo-commercial
WGH Shop - Search - Appliances,Hair Clippers,hair trimmer in accra,Phrase,0.26,https://shop.websitesgh.com/product-category/personal-care/,T2 geo-commercial
WGH Shop - Search - Appliances,Hair Clippers,hair trimmer price ghana,Phrase,0.26,https://shop.websitesgh.com/product-category/personal-care/,T2 geo-commercial
WGH Shop - Search - Appliances,Hair Clippers,hair trimmer for sale ghana,Phrase,0.26,https://shop.websitesgh.com/product-category/personal-care/,T2 geo-commercial
WGH Shop - Search - Appliances,Hair Clippers,hair trimmer online ghana,Phrase,0.26,https://shop.websitesgh.com/product-category/personal-care/,T2 geo-commercial
WGH Shop - Search - Appliances,Hair Clippers,hair trimmer price list ghana,Phrase,0.26,https://shop.websitesgh.com/product-category/personal-care/,T2 geo-commercial
WGH Shop - Search - Appliances,Hair Clippers,hair trimmer for barbers ghana,Phrase,0.24,https://shop.websitesgh.com/product-category/personal-care/,T3 problem-solution
WGH Shop - Search - Appliances,Hair Clippers,best hair trimmer for barbers,Phrase,0.22,https://shop.websitesgh.com/product-category/personal-care/,T3 problem-solution
WGH Shop - Search - Appliances,Hair Clippers,hair trimmer cordless ghana,Phrase,0.24,https://shop.websitesgh.com/product-category/personal-care/,T3 problem-solution
WGH Shop - Search - Appliances,Hair Clippers,best hair trimmer cordless,Phrase,0.22,https://shop.websitesgh.com/product-category/personal-care/,T3 problem-solution
WGH Shop - Search - Appliances,Hair Clippers,hair trimmer professional ghana,Phrase,0.24,https://shop.websitesgh.com/product-category/personal-care/,T3 problem-solution
WGH Shop - Search - Appliances,Hair Clippers,best hair trimmer professional,Phrase,0.22,https://shop.websitesgh.com/product-category/personal-care/,T3 problem-solution
WGH Shop - Search - Appliances,Hair Clippers,shaving machine ghana,Phrase,0.26,https://shop.websitesgh.com/product-category/personal-care/,T2 geo-commercial
WGH Shop - Search - Appliances,Hair Clippers,shaving machine accra,Phrase,0.26,https://shop.websitesgh.com/product-category/personal-care/,T2 geo-commercial
WGH Shop - Search - Appliances,Hair Clippers,shaving machine in ghana,Phrase,0.26,https://shop.websitesgh.com/product-category/personal-care/,T2 geo-commercial
WGH Shop - Search - Appliances,Hair Clippers,shaving machine in accra,Phrase,0.26,https://shop.websitesgh.com/product-category/personal-care/,T2 geo-commercial
WGH Shop - Search - Appliances,Hair Clippers,shaving machine price ghana,Phrase,0.26,https://shop.websitesgh.com/product-category/personal-care/,T2 geo-commercial
WGH Shop - Search - Appliances,Hair Clippers,shaving machine for sale ghana,Phrase,0.26,https://shop.websitesgh.com/product-category/personal-care/,T2 geo-commercial
WGH Shop - Search - Appliances,Hair Clippers,shaving machine online ghana,Phrase,0.26,https://shop.websitesgh.com/product-category/personal-care/,T2 geo-commercial
WGH Shop - Search - Appliances,Hair Clippers,shaving machine price list ghana,Phrase,0.26,https://shop.websitesgh.com/product-category/personal-care/,T2 geo-commercial
WGH Shop - Search - Appliances,Hair Clippers,shaving machine for barbers ghana,Phrase,0.24,https://shop.websitesgh.com/product-category/personal-care/,T3 problem-solution
WGH Shop - Search - Appliances,Hair Clippers,best shaving machine for barbers,Phrase,0.22,https://shop.websitesgh.com/product-category/personal-care/,T3 problem-solution
WGH Shop - Search - Appliances,Hair Clippers,shaving machine cordless ghana,Phrase,0.24,https://shop.websitesgh.com/product-category/personal-care/,T3 problem-solution
WGH Shop - Search - Appliances,Hair Clippers,best shaving machine cordless,Phrase,0.22,https://shop.websitesgh.com/product-category/personal-care/,T3 problem-solution
WGH Shop - Search - Appliances,Hair Clippers,shaving machine professional ghana,Phrase,0.24,https://shop.websitesgh.com/product-category/personal-care/,T3 problem-solution
WGH Shop - Search - Appliances,Hair Clippers,best shaving machine professional,Phrase,0.22,https://shop.websitesgh.com/product-category/personal-care/,T3 problem-solution
WGH Shop - Search - Appliances,Hair Dryers,hair dryer price in ghana,Exact,0.32,https://shop.websitesgh.com/product-category/personal-care/,T1 transactional
WGH Shop - Search - Appliances,Hair Dryers,buy hair dryer in ghana,Exact,0.32,https://shop.websitesgh.com/product-category/personal-care/,T1 transactional
WGH Shop - Search - Appliances,Hair Dryers,where to buy hair dryer in accra,Phrase,0.30,https://shop.websitesgh.com/product-category/personal-care/,T1 transactional
WGH Shop - Search - Appliances,Hair Dryers,how much is hair dryer in ghana,Phrase,0.30,https://shop.websitesgh.com/product-category/personal-care/,T1 transactional
WGH Shop - Search - Appliances,Hair Dryers,hair dryer ghana,Phrase,0.26,https://shop.websitesgh.com/product-category/personal-care/,T2 geo-commercial
WGH Shop - Search - Appliances,Hair Dryers,hair dryer accra,Phrase,0.26,https://shop.websitesgh.com/product-category/personal-care/,T2 geo-commercial
WGH Shop - Search - Appliances,Hair Dryers,hair dryer in ghana,Phrase,0.26,https://shop.websitesgh.com/product-category/personal-care/,T2 geo-commercial
WGH Shop - Search - Appliances,Hair Dryers,hair dryer in accra,Phrase,0.26,https://shop.websitesgh.com/product-category/personal-care/,T2 geo-commercial
WGH Shop - Search - Appliances,Hair Dryers,hair dryer price ghana,Phrase,0.26,https://shop.websitesgh.com/product-category/personal-care/,T2 geo-commercial
WGH Shop - Search - Appliances,Hair Dryers,hair dryer for sale ghana,Phrase,0.26,https://shop.websitesgh.com/product-category/personal-care/,T2 geo-commercial
WGH Shop - Search - Appliances,Hair Dryers,hair dryer online ghana,Phrase,0.26,https://shop.websitesgh.com/product-category/personal-care/,T2 geo-commercial
WGH Shop - Search - Appliances,Hair Dryers,hair dryer price list ghana,Phrase,0.26,https://shop.websitesgh.com/product-category/personal-care/,T2 geo-commercial
WGH Shop - Search - Appliances,Hair Dryers,hair dryer professional ghana,Phrase,0.24,https://shop.websitesgh.com/product-category/personal-care/,T3 problem-solution
WGH Shop - Search - Appliances,Hair Dryers,best hair dryer professional,Phrase,0.22,https://shop.websitesgh.com/product-category/personal-care/,T3 problem-solution
WGH Shop - Search - Appliances,Hair Dryers,hair dryer with comb ghana,Phrase,0.24,https://shop.websitesgh.com/product-category/personal-care/,T3 problem-solution
WGH Shop - Search - Appliances,Hair Dryers,best hair dryer with comb,Phrase,0.22,https://shop.websitesgh.com/product-category/personal-care/,T3 problem-solution
WGH Shop - Search - Appliances,Hair Dryers,blow dryer ghana,Phrase,0.26,https://shop.websitesgh.com/product-category/personal-care/,T2 geo-commercial
WGH Shop - Search - Appliances,Hair Dryers,blow dryer accra,Phrase,0.26,https://shop.websitesgh.com/product-category/personal-care/,T2 geo-commercial
WGH Shop - Search - Appliances,Hair Dryers,blow dryer in ghana,Phrase,0.26,https://shop.websitesgh.com/product-category/personal-care/,T2 geo-commercial
WGH Shop - Search - Appliances,Hair Dryers,blow dryer in accra,Phrase,0.26,https://shop.websitesgh.com/product-category/personal-care/,T2 geo-commercial
WGH Shop - Search - Appliances,Hair Dryers,blow dryer price ghana,Phrase,0.26,https://shop.websitesgh.com/product-category/personal-care/,T2 geo-commercial
WGH Shop - Search - Appliances,Hair Dryers,blow dryer for sale ghana,Phrase,0.26,https://shop.websitesgh.com/product-category/personal-care/,T2 geo-commercial
WGH Shop - Search - Appliances,Hair Dryers,blow dryer online ghana,Phrase,0.26,https://shop.websitesgh.com/product-category/personal-care/,T2 geo-commercial
WGH Shop - Search - Appliances,Hair Dryers,blow dryer price list ghana,Phrase,0.26,https://shop.websitesgh.com/product-category/personal-care/,T2 geo-commercial
WGH Shop - Search - Appliances,Hair Dryers,blow dryer professional ghana,Phrase,0.24,https://shop.websitesgh.com/product-category/personal-care/,T3 problem-solution
WGH Shop - Search - Appliances,Hair Dryers,best blow dryer professional,Phrase,0.22,https://shop.websitesgh.com/product-category/personal-care/,T3 problem-solution
WGH Shop - Search - Appliances,Hair Dryers,blow dryer with comb ghana,Phrase,0.24,https://shop.websitesgh.com/product-category/personal-care/,T3 problem-solution
WGH Shop - Search - Appliances,Hair Dryers,best blow dryer with comb,Phrase,0.22,https://shop.websitesgh.com/product-category/personal-care/,T3 problem-solution
WGH Shop - Search - Appliances,Delivery & Payment Intent,pay on delivery ghana,Phrase,0.30,https://shop.websitesgh.com/how-to-order/,T1 transactional
WGH Shop - Search - Appliances,Delivery & Payment Intent,cash on delivery appliances ghana,Phrase,0.30,https://shop.websitesgh.com/how-to-order/,T1 transactional
WGH Shop - Search - Appliances,Delivery & Payment Intent,appliances pay on delivery accra,Phrase,0.30,https://shop.websitesgh.com/how-to-order/,T1 transactional
WGH Shop - Search - Appliances,Delivery & Payment Intent,same day delivery appliances accra,Phrase,0.30,https://shop.websitesgh.com/how-to-order/,T1 transactional
WGH Shop - Search - Appliances,Delivery & Payment Intent,buy now pay on delivery ghana,Phrase,0.30,https://shop.websitesgh.com/how-to-order/,T1 transactional
WGH Shop - Search - Appliances,Delivery & Payment Intent,momo payment online shop ghana,Phrase,0.30,https://shop.websitesgh.com/how-to-order/,T1 transactional
WGH Shop - Search - Appliances,Delivery & Payment Intent,online shop pay on delivery ghana,Phrase,0.30,https://shop.websitesgh.com/how-to-order/,T1 transactional
WGH Shop - Search - Appliances,Delivery & Payment Intent,appliance delivery accra,Phrase,0.30,https://shop.websitesgh.com/how-to-order/,T1 transactional
WGH Shop - Search - Appliances,Delivery & Payment Intent,electronics delivery accra same day,Phrase,0.30,https://shop.websitesgh.com/how-to-order/,T1 transactional
WGH Shop - Search - Appliances,Brands - Kitchen,binatone blender,Phrase,0.28,https://shop.websitesgh.com/product-category/kitchen-home/,T2 geo-commercial
WGH Shop - Search - Appliances,Brands - Kitchen,binatone blender ghana,Phrase,0.28,https://shop.websitesgh.com/product-category/kitchen-home/,T2 geo-commercial
WGH Shop - Search - Appliances,Brands - Kitchen,binatone blender price ghana,Phrase,0.28,https://shop.websitesgh.com/product-category/kitchen-home/,T1 transactional
WGH Shop - Search - Appliances,Brands - Kitchen,silver crest blender,Phrase,0.28,https://shop.websitesgh.com/product-category/kitchen-home/,T2 geo-commercial
WGH Shop - Search - Appliances,Brands - Kitchen,silver crest blender ghana,Phrase,0.28,https://shop.websitesgh.com/product-category/kitchen-home/,T2 geo-commercial
WGH Shop - Search - Appliances,Brands - Kitchen,silver crest blender price ghana,Phrase,0.28,https://shop.websitesgh.com/product-category/kitchen-home/,T1 transactional
WGH Shop - Search - Appliances,Brands - Kitchen,nasco blender,Phrase,0.28,https://shop.websitesgh.com/product-category/kitchen-home/,T2 geo-commercial
WGH Shop - Search - Appliances,Brands - Kitchen,nasco blender ghana,Phrase,0.28,https://shop.websitesgh.com/product-category/kitchen-home/,T2 geo-commercial
WGH Shop - Search - Appliances,Brands - Kitchen,nasco blender price ghana,Phrase,0.28,https://shop.websitesgh.com/product-category/kitchen-home/,T1 transactional
WGH Shop - Search - Appliances,Brands - Kitchen,bruhm blender,Phrase,0.28,https://shop.websitesgh.com/product-category/kitchen-home/,T2 geo-commercial
WGH Shop - Search - Appliances,Brands - Kitchen,bruhm blender ghana,Phrase,0.28,https://shop.websitesgh.com/product-category/kitchen-home/,T2 geo-commercial
WGH Shop - Search - Appliances,Brands - Kitchen,bruhm blender price ghana,Phrase,0.28,https://shop.websitesgh.com/product-category/kitchen-home/,T1 transactional
WGH Shop - Search - Appliances,Brands - Kitchen,sayona blender,Phrase,0.28,https://shop.websitesgh.com/product-category/kitchen-home/,T2 geo-commercial
WGH Shop - Search - Appliances,Brands - Kitchen,sayona blender ghana,Phrase,0.28,https://shop.websitesgh.com/product-category/kitchen-home/,T2 geo-commercial
WGH Shop - Search - Appliances,Brands - Kitchen,sayona blender price ghana,Phrase,0.28,https://shop.websitesgh.com/product-category/kitchen-home/,T1 transactional
WGH Shop - Search - Appliances,Brands - Kitchen,saachi blender,Phrase,0.28,https://shop.websitesgh.com/product-category/kitchen-home/,T2 geo-commercial
WGH Shop - Search - Appliances,Brands - Kitchen,saachi blender ghana,Phrase,0.28,https://shop.websitesgh.com/product-category/kitchen-home/,T2 geo-commercial
WGH Shop - Search - Appliances,Brands - Kitchen,saachi blender price ghana,Phrase,0.28,https://shop.websitesgh.com/product-category/kitchen-home/,T1 transactional
WGH Shop - Search - Appliances,Brands - Kitchen,nunix blender,Phrase,0.28,https://shop.websitesgh.com/product-category/kitchen-home/,T2 geo-commercial
WGH Shop - Search - Appliances,Brands - Kitchen,nunix blender ghana,Phrase,0.28,https://shop.websitesgh.com/product-category/kitchen-home/,T2 geo-commercial
WGH Shop - Search - Appliances,Brands - Kitchen,nunix blender price ghana,Phrase,0.28,https://shop.websitesgh.com/product-category/kitchen-home/,T1 transactional
WGH Shop - Search - Appliances,Brands - Kitchen,binatone kettle,Phrase,0.28,https://shop.websitesgh.com/product-category/kitchen-home/,T2 geo-commercial
WGH Shop - Search - Appliances,Brands - Kitchen,binatone kettle ghana,Phrase,0.28,https://shop.websitesgh.com/product-category/kitchen-home/,T2 geo-commercial
WGH Shop - Search - Appliances,Brands - Kitchen,binatone kettle price ghana,Phrase,0.28,https://shop.websitesgh.com/product-category/kitchen-home/,T1 transactional
WGH Shop - Search - Appliances,Brands - Kitchen,nasco microwave,Phrase,0.28,https://shop.websitesgh.com/product-category/kitchen-home/,T2 geo-commercial
WGH Shop - Search - Appliances,Brands - Kitchen,nasco microwave ghana,Phrase,0.28,https://shop.websitesgh.com/product-category/kitchen-home/,T2 geo-commercial
WGH Shop - Search - Appliances,Brands - Kitchen,nasco microwave price ghana,Phrase,0.28,https://shop.websitesgh.com/product-category/kitchen-home/,T1 transactional
WGH Shop - Search - Appliances,Brands - Kitchen,binatone rice cooker,Phrase,0.28,https://shop.websitesgh.com/product-category/kitchen-home/,T2 geo-commercial
WGH Shop - Search - Appliances,Brands - Kitchen,binatone rice cooker ghana,Phrase,0.28,https://shop.websitesgh.com/product-category/kitchen-home/,T2 geo-commercial
WGH Shop - Search - Appliances,Brands - Kitchen,binatone rice cooker price ghana,Phrase,0.28,https://shop.websitesgh.com/product-category/kitchen-home/,T1 transactional
WGH Shop - Search - Appliances,Brands - Kitchen,kenwood blender,Phrase,0.28,https://shop.websitesgh.com/product-category/kitchen-home/,T2 geo-commercial
WGH Shop - Search - Appliances,Brands - Kitchen,kenwood blender ghana,Phrase,0.28,https://shop.websitesgh.com/product-category/kitchen-home/,T2 geo-commercial
WGH Shop - Search - Appliances,Brands - Kitchen,kenwood blender price ghana,Phrase,0.28,https://shop.websitesgh.com/product-category/kitchen-home/,T1 transactional
WGH Shop - Search - Appliances,Brands - Home,binatone fan,Phrase,0.28,https://shop.websitesgh.com/product-category/lighting-power/,T2 geo-commercial
WGH Shop - Search - Appliances,Brands - Home,binatone fan ghana,Phrase,0.28,https://shop.websitesgh.com/product-category/lighting-power/,T2 geo-commercial
WGH Shop - Search - Appliances,Brands - Home,binatone fan price ghana,Phrase,0.28,https://shop.websitesgh.com/product-category/lighting-power/,T1 transactional
WGH Shop - Search - Appliances,Brands - Home,nasco fan,Phrase,0.28,https://shop.websitesgh.com/product-category/lighting-power/,T2 geo-commercial
WGH Shop - Search - Appliances,Brands - Home,nasco fan ghana,Phrase,0.28,https://shop.websitesgh.com/product-category/lighting-power/,T2 geo-commercial
WGH Shop - Search - Appliances,Brands - Home,nasco fan price ghana,Phrase,0.28,https://shop.websitesgh.com/product-category/lighting-power/,T1 transactional
WGH Shop - Search - Appliances,Brands - Home,bruhm fan,Phrase,0.28,https://shop.websitesgh.com/product-category/lighting-power/,T2 geo-commercial
WGH Shop - Search - Appliances,Brands - Home,bruhm fan ghana,Phrase,0.28,https://shop.websitesgh.com/product-category/lighting-power/,T2 geo-commercial
WGH Shop - Search - Appliances,Brands - Home,bruhm fan price ghana,Phrase,0.28,https://shop.websitesgh.com/product-category/lighting-power/,T1 transactional
WGH Shop - Search - Appliances,Brands - Home,sonik rechargeable fan,Phrase,0.28,https://shop.websitesgh.com/product-category/lighting-power/,T2 geo-commercial
WGH Shop - Search - Appliances,Brands - Home,sonik rechargeable fan ghana,Phrase,0.28,https://shop.websitesgh.com/product-category/lighting-power/,T2 geo-commercial
WGH Shop - Search - Appliances,Brands - Home,sonik rechargeable fan price ghana,Phrase,0.28,https://shop.websitesgh.com/product-category/lighting-power/,T1 transactional
WGH Shop - Search - Appliances,Brands - Home,century rechargeable fan,Phrase,0.28,https://shop.websitesgh.com/product-category/lighting-power/,T2 geo-commercial
WGH Shop - Search - Appliances,Brands - Home,century rechargeable fan ghana,Phrase,0.28,https://shop.websitesgh.com/product-category/lighting-power/,T2 geo-commercial
WGH Shop - Search - Appliances,Brands - Home,century rechargeable fan price ghana,Phrase,0.28,https://shop.websitesgh.com/product-category/lighting-power/,T1 transactional
WGH Shop - Search - Appliances,Umbrella - Appliances,home appliances ghana,Phrase,0.26,https://shop.websitesgh.com/shop/,T2 geo-commercial
WGH Shop - Search - Appliances,Umbrella - Appliances,kitchen appliances ghana,Phrase,0.26,https://shop.websitesgh.com/shop/,T2 geo-commercial
WGH Shop - Search - Appliances,Umbrella - Appliances,electrical appliances accra,Phrase,0.26,https://shop.websitesgh.com/shop/,T2 geo-commercial
WGH Shop - Search - Appliances,Umbrella - Appliances,buy appliances online ghana,Phrase,0.26,https://shop.websitesgh.com/shop/,T2 geo-commercial
WGH Shop - Search - Appliances,Umbrella - Appliances,home appliances accra,Phrase,0.26,https://shop.websitesgh.com/shop/,T2 geo-commercial
WGH Shop - Search - Appliances,Umbrella - Appliances,small appliances ghana,Phrase,0.26,https://shop.websitesgh.com/shop/,T2 geo-commercial
WGH Shop - Search - Appliances,Umbrella - Appliances,appliance shop accra,Phrase,0.26,https://shop.websitesgh.com/shop/,T2 geo-commercial
WGH Shop - Search - Appliances,Umbrella - Appliances,buy electronics online ghana,Phrase,0.26,https://shop.websitesgh.com/shop/,T2 geo-commercial
WGH Shop - Search - Appliances,Umbrella - Appliances,online electronics shop ghana,Phrase,0.26,https://shop.websitesgh.com/shop/,T2 geo-commercial
WGH Shop - Search - Appliances,Umbrella - Appliances,appliance shop near me accra,Phrase,0.26,https://shop.websitesgh.com/shop/,T2 geo-commercial
WGH Shop - Search - Appliances,Umbrella - Appliances,electronics shop near me accra,Phrase,0.26,https://shop.websitesgh.com/shop/,T2 geo-commercial
WGH Shop - Search - Appliances,Umbrella - Appliances,kitchen appliances shop accra,Phrase,0.26,https://shop.websitesgh.com/shop/,T2 geo-commercial
WGH Shop - Search - Appliances,Occasion & Gifting,wedding gift ideas ghana,Phrase,0.24,https://shop.websitesgh.com/shop/,T3 problem-solution
WGH Shop - Search - Appliances,Occasion & Gifting,outdooring gift ghana,Phrase,0.24,https://shop.websitesgh.com/shop/,T3 problem-solution
WGH Shop - Search - Appliances,Occasion & Gifting,christmas gift ghana appliances,Phrase,0.24,https://shop.websitesgh.com/shop/,T3 problem-solution
WGH Shop - Search - Appliances,Occasion & Gifting,back to school shopping ghana,Phrase,0.24,https://shop.websitesgh.com/shop/,T3 problem-solution
WGH Shop - Search - Appliances,Occasion & Gifting,new apartment essentials ghana,Phrase,0.24,https://shop.websitesgh.com/shop/,T3 problem-solution
WGH Shop - Search - Appliances,Occasion & Gifting,hostel essentials ghana,Phrase,0.24,https://shop.websitesgh.com/shop/,T3 problem-solution
